pre_host,max(prev)
722dx77.hou.nsdsxq.cn,https://722dx77.hou.nsdsxq.cn/
719843577.w3.xhsv5q2.cc,https://719843577.w3.xhsv5q2.cc/
719jhy.google.songgn.com,https://719jhy.google.songgn.com/
724l64.baidu.songgn.com,https://724l64.baidu.songgn.com/
722549.link.yunpan.com,https://722549.link.yunpan.com/
722ed.go.xjyce.cn,https://722ed.go.xjyce.cn/
710554738.w2.xhs7d2r8.cc,https://710554738.w2.xhs7d2r8.cc/
710dong08.nfu56.gpzycm.com,https://710dong08.nfu56.gpzycm.com/
710dong27.qev30.gpzycm.com,https://710dong27.qev30.gpzycm.com/
710dong41.iki60.gpzycm.com,https://710dong41.iki60.gpzycm.com/
710dong44.ubo68.gpzycm.com,https://710dong44.ubo68.gpzycm.com/
710xiao20.arrca.gpzycm.com,https://710xiao20.arrca.gpzycm.com/
710xiao27.bqwzn.gpzycm.com,https://710xiao27.bqwzn.gpzycm.com/
711xiao19.qyx45.fqstyj.com,https://711xiao19.qyx45.fqstyj.com/
712dong07.msd90.stskai.com,https://712dong07.msd90.stskai.com/
712dong10.wjz84.stskai.com,https://712dong10.wjz84.stskai.com/
712dong20.tag83.stskai.com,https://712dong20.tag83.stskai.com/
712dong22.esk92.stskai.com,https://712dong22.esk92.stskai.com/
712dong34.dpc31.stskai.com,https://712dong34.dpc31.stskai.com/
712dong36.slz99.stskai.com,https://712dong36.slz99.stskai.com/
712dong44.ofv35.stskai.com,https://712dong44.ofv35.stskai.com/
712dong46.aff44.stskai.com,https://712dong46.aff44.stskai.com/
712xiao02.hxg69.stskai.com,https://712xiao02.hxg69.stskai.com/
712xiao31.hltzv.stskai.com,https://712xiao31.hltzv.stskai.com/
712xiao34.adnoj.stskai.com,https://712xiao34.adnoj.stskai.com/
712xiao42.sfk29.stskai.com,https://712xiao42.sfk29.stskai.com/
712xiao43.kuj13.stskai.com,https://712xiao43.kuj13.stskai.com/
714dong05.evo28.rylvib.com,https://714dong05.evo28.rylvib.com/
714dong18.fhf16.rylvib.com,https://714dong18.fhf16.rylvib.com/
714dong34.exr93.rylvib.com,https://714dong34.exr93.rylvib.com/
714dong44.cdz91.rylvib.com,https://714dong44.cdz91.rylvib.com/
714dong46.ohi46.rylvib.com,https://714dong46.ohi46.rylvib.com/
714dong48.mrj42.rylvib.com,https://714dong48.mrj42.rylvib.com/
714dong50.tds14.rylvib.com,https://714dong50.tds14.rylvib.com/
714jima07.iwl80.rylvib.com,https://714jima07.iwl80.rylvib.com/
714jima09.nxa71.rylvib.com,https://714jima09.nxa71.rylvib.com/
714jima10.xdr92.rylvib.com,https://714jima10.xdr92.rylvib.com/
714xiao03.xkn27.rylvib.com,https://714xiao03.xkn27.rylvib.com/
714xiao22.xkk78.rylvib.com,https://714xiao22.xkk78.rylvib.com/
714xiao36.rtb33.rylvib.com,https://714xiao36.rtb33.rylvib.com/
714xiao37.chg11.rylvib.com,https://714xiao37.chg11.rylvib.com/
714xiao38.enu59.rylvib.com,https://714xiao38.enu59.rylvib.com/
714xiao39.rzw73.rylvib.com,https://714xiao39.rzw73.rylvib.com/
715dong58.qtg45.nlvbhw.com,https://715dong58.qtg45.nlvbhw.com/
715dong60.wno58.nlvbhw.com,https://715dong60.wno58.nlvbhw.com/
715dong69.fwr33.nlvbhw.com,https://715dong69.fwr33.nlvbhw.com/
715dong70.mal85.nlvbhw.com,https://715dong70.mal85.nlvbhw.com/
715dong72.des43.nlvbhw.com,https://715dong72.des43.nlvbhw.com/
715jima07.xxo52.nlvbhw.com,https://715jima07.xxo52.nlvbhw.com/
715jima09.ryo41.nlvbhw.com,https://715jima09.ryo41.nlvbhw.com/
715xiao03.irs37.nlvbhw.com,https://715xiao03.irs37.nlvbhw.com/
715xiao06.pousb.nlvbhw.com,https://715xiao06.pousb.nlvbhw.com/
715xiao17.zkkng.nlvbhw.com,https://715xiao17.zkkng.nlvbhw.com/
715xiao23.isslx.nlvbhw.com,https://715xiao23.isslx.nlvbhw.com/
716dong05.ovw84.unlgqb.com,https://716dong05.ovw84.unlgqb.com/
716dong44.rsq41.unlgqb.com,https://716dong44.rsq41.unlgqb.com/
716dong55.oaq52.unlgqb.com,https://716dong55.oaq52.unlgqb.com/
716meng04.iklmq.unlgqb.com,https://716meng04.iklmq.unlgqb.com/
716xiao09.xzt42.unlgqb.com,https://716xiao09.xzt42.unlgqb.com/
716xiao10.tsm33.unlgqb.com,https://716xiao10.tsm33.unlgqb.com/
716xiao21.glw76.unlgqb.com,https://716xiao21.glw76.unlgqb.com/
716xiao23.wpb93.unlgqb.com,https://716xiao23.wpb93.unlgqb.com/
716xiao40.nirsj.unlgqb.com,https://716xiao40.nirsj.unlgqb.com/
717fl710.hgw72.rullqme.com,https://717fl710.hgw72.rullqme.com/
717zok12.cpv30.rxqqfsv.com,https://717zok12.cpv30.rxqqfsv.com/
718dla109.omq29.wlsmlt.com,https://718dla109.omq29.wlsmlt.com/
718dla115.gkk84.wlsmlt.com,https://718dla115.gkk84.wlsmlt.com/
718dla122.ifs62.wlsmlt.com,https://718dla122.ifs62.wlsmlt.com/
718dla126.fcc80.wlsmlt.com,https://718dla126.fcc80.wlsmlt.com/
718dla128.qqs68.wlsmlt.com,https://718dla128.qqs68.wlsmlt.com/
718dla153.bok91.wlsmlt.com,https://718dla153.bok91.wlsmlt.com/
718dla174.tzsch.wlsmlt.com,https://718dla174.tzsch.wlsmlt.com/
718dla175.jdisd.wlsmlt.com,https://718dla175.jdisd.wlsmlt.com/
718dla184.hzozv.wlsmlt.com,https://718dla184.hzozv.wlsmlt.com/
718dla219.sqboh.wlsmlt.com,https://718dla219.sqboh.wlsmlt.com/
718dla223.ckpwm.wlsmlt.com,https://718dla223.ckpwm.wlsmlt.com/
718dla231.ywqlq.wlsmlt.com,https://718dla231.ywqlq.wlsmlt.com/
718dla233.dtnvv.wlsmlt.com,https://718dla233.dtnvv.wlsmlt.com/
718dla243.xmaae.wlsmlt.com,https://718dla243.xmaae.wlsmlt.com/
718dla246.cwuuo.wlsmlt.com,https://718dla246.cwuuo.wlsmlt.com/
718dla250.nesbb.wlsmlt.com,https://718dla250.nesbb.wlsmlt.com/
718dla259.kuy75.wlsmlt.com,https://718dla259.kuy75.wlsmlt.com/
718dla261.sur73.wlsmlt.com,https://718dla261.sur73.wlsmlt.com/
718dong06.bbm58.bxgsnj.com,https://718dong06.bbm58.bxgsnj.com/
718dong07.eez48.bxgsnj.com,https://718dong07.eez48.bxgsnj.com/
718dong15.aux24.bxgsnj.com,https://718dong15.aux24.bxgsnj.com/
718dong23.euj67.bxgsnj.com,https://718dong23.euj67.bxgsnj.com/
718dong25.bfe51.bxgsnj.com,https://718dong25.bfe51.bxgsnj.com/
718xiao02.tds16.bxgsnj.com,https://718xiao02.tds16.bxgsnj.com/
710bw110.vls45.gpzycm.com,https://710bw110.vls45.gpzycm.com/
710bw111.vyp77.gpzycm.com,https://710bw111.vyp77.gpzycm.com/
710bw114.hhf11.gpzycm.com,https://710bw114.hhf11.gpzycm.com/
710bw115.rmz23.gpzycm.com,https://710bw115.rmz23.gpzycm.com/
710bw125.svi83.gpzycm.com,https://710bw125.svi83.gpzycm.com/
710bw127.yij47.gpzycm.com,https://710bw127.yij47.gpzycm.com/
710bw130.edf78.gpzycm.com,https://710bw130.edf78.gpzycm.com/
710bw141.zhf84.gpzycm.com,https://710bw141.zhf84.gpzycm.com/
710bw145.ohs25.gpzycm.com,https://710bw145.ohs25.gpzycm.com/
710fl011.ieu94.xhcjbq.com,https://710fl011.ieu94.xhcjbq.com/
710fl028.pyy15.xhcjbq.com,https://710fl028.pyy15.xhcjbq.com/
710fl034.esl82.xhcjbq.com,https://710fl034.esl82.xhcjbq.com/
710fl037.dgr94.xhcjbq.com,https://710fl037.dgr94.xhcjbq.com/
710fl040.ayy26.xhcjbq.com,https://710fl040.ayy26.xhcjbq.com/
710fl075.pcy98.xhcjbq.com,https://710fl075.pcy98.xhcjbq.com/
710fl077.fxs84.xhcjbq.com,https://710fl077.fxs84.xhcjbq.com/
710fl111.zqu31.xhcjbq.com,https://710fl111.zqu31.xhcjbq.com/
710fl116.bcf79.xhcjbq.com,https://710fl116.bcf79.xhcjbq.com/
710fl119.xhk89.xhcjbq.com,https://710fl119.xhk89.xhcjbq.com/
710fl129.ckb57.xhcjbq.com,https://710fl129.ckb57.xhcjbq.com/
710fl131.pke63.xhcjbq.com,https://710fl131.pke63.xhcjbq.com/
710fl134.sag28.xhcjbq.com,https://710fl134.sag28.xhcjbq.com/
710fl146.bij47.xhcjbq.com,https://710fl146.bij47.xhcjbq.com/
710fl176.ysu92.xhcjbq.com,https://710fl176.ysu92.xhcjbq.com/
710fl199.qpd83.xhcjbq.com,https://710fl199.qpd83.xhcjbq.com/
710fl200.fpm41.xhcjbq.com,https://710fl200.fpm41.xhcjbq.com/
710fl236.xum31.xhcjbq.com,https://710fl236.xum31.xhcjbq.com/
710fl252.umg71.xhcjbq.com,https://710fl252.umg71.xhcjbq.com/
710fl299.pkw51.xhcjbq.com,https://710fl299.pkw51.xhcjbq.com/
710fl326.hbz38.xhcjbq.com,https://710fl326.hbz38.xhcjbq.com/
710fl328.waa20.xhcjbq.com,https://710fl328.waa20.xhcjbq.com/
710fl330.etg98.xhcjbq.com,https://710fl330.etg98.xhcjbq.com/
710fl342.unw99.xhcjbq.com,https://710fl342.unw99.xhcjbq.com/
710fl344.pik54.xhcjbq.com,https://710fl344.pik54.xhcjbq.com/
710fl373.cri49.xhcjbq.com,https://710fl373.cri49.xhcjbq.com/
710fl377.ggl79.xhcjbq.com,https://710fl377.ggl79.xhcjbq.com/
710fl397.nak35.xhcjbq.com,https://710fl397.nak35.xhcjbq.com/
710fl411.pkx85.xhcjbq.com,https://710fl411.pkx85.xhcjbq.com/
710fl444.tse91.xhcjbq.com,https://710fl444.tse91.xhcjbq.com/
710fl467.zun53.xhcjbq.com,https://710fl467.zun53.xhcjbq.com/
710fl495.dfc97.xhcjbq.com,https://710fl495.dfc97.xhcjbq.com/
710fl504.tml61.fssczg.com,https://710fl504.tml61.fssczg.com/
710fl576.sqa29.fssczg.com,https://710fl576.sqa29.fssczg.com/
710fl597.dds53.fssczg.com,https://710fl597.dds53.fssczg.com/
710fl603.znj67.fssczg.com,https://710fl603.znj67.fssczg.com/
710fl643.lix52.fssczg.com,https://710fl643.lix52.fssczg.com/
710fl652.txv77.fssczg.com,https://710fl652.txv77.fssczg.com/
710fl658.znu65.fssczg.com,https://710fl658.znu65.fssczg.com/
710fl694.flp51.fssczg.com,https://710fl694.flp51.fssczg.com/
710fl698.ojd68.fssczg.com,https://710fl698.ojd68.fssczg.com/
710fl702.fyb25.fssczg.com,https://710fl702.fyb25.fssczg.com/
710fl718.jpy53.fssczg.com,https://710fl718.jpy53.fssczg.com/
710hu101.hfp25.gpzycm.com,https://710hu101.hfp25.gpzycm.com/
710hu107.dkz85.gpzycm.com,https://710hu107.dkz85.gpzycm.com/
710jwx17.jck61.gpzycm.com,https://710jwx17.jck61.gpzycm.com/
710sgl03.bscye.gpzycm.com,https://710sgl03.bscye.gpzycm.com/
710us001.iocfm.gpzycm.com,https://710us001.iocfm.gpzycm.com/
710us002.vowpj.gpzycm.com,https://710us002.vowpj.gpzycm.com/
710zok01.ajhtm.gpzycm.com,https://710zok01.ajhtm.gpzycm.com/
710zok08.niuam.gpzycm.com,https://710zok08.niuam.gpzycm.com/
710zok11.wpjih.gpzycm.com,https://710zok11.wpjih.gpzycm.com/
711bw101.mga11.fqstyj.com,https://711bw101.mga11.fqstyj.com/
711bw118.oov63.fqstyj.com,https://711bw118.oov63.fqstyj.com/
711bw128.dza94.fqstyj.com,https://711bw128.dza94.fqstyj.com/
711bw132.gso16.fqstyj.com,https://711bw132.gso16.fqstyj.com/
711bw137.orv32.fqstyj.com,https://711bw137.orv32.fqstyj.com/
711bw154.ahz24.fqstyj.com,https://711bw154.ahz24.fqstyj.com/
711fl005.ske55.mthxkj.com,https://711fl005.ske55.mthxkj.com/
711fl044.qbx22.mthxkj.com,https://711fl044.qbx22.mthxkj.com/
711fl052.oij52.mthxkj.com,https://711fl052.oij52.mthxkj.com/
711fl062.alj50.mthxkj.com,https://711fl062.alj50.mthxkj.com/
711fl069.pvh26.mthxkj.com,https://711fl069.pvh26.mthxkj.com/
711fl180.eto87.mthxkj.com,https://711fl180.eto87.mthxkj.com/
711fl231.rss27.mthxkj.com,https://711fl231.rss27.mthxkj.com/
711fl251.bhw90.mthxkj.com,https://711fl251.bhw90.mthxkj.com/
711fl252.ftt12.mthxkj.com,https://711fl252.ftt12.mthxkj.com/
711fl274.eof11.mthxkj.com,https://711fl274.eof11.mthxkj.com/
711fl327.znw69.mthxkj.com,https://711fl327.znw69.mthxkj.com/
711fl342.fzf59.mthxkj.com,https://711fl342.fzf59.mthxkj.com/
711fl354.aal11.mthxkj.com,https://711fl354.aal11.mthxkj.com/
711fl464.jgx38.mthxkj.com,https://711fl464.jgx38.mthxkj.com/
711fl492.yaa25.mthxkj.com,https://711fl492.yaa25.mthxkj.com/
711fl499.ody92.mthxkj.com,https://711fl499.ody92.mthxkj.com/
711fl500.rpb62.mthxkj.com,https://711fl500.rpb62.mthxkj.com/
711fl502.utd73.fhgrjd.com,https://711fl502.utd73.fhgrjd.com/
711fl518.iio82.fhgrjd.com,https://711fl518.iio82.fhgrjd.com/
711fl525.gua95.fhgrjd.com,https://711fl525.gua95.fhgrjd.com/
711fl553.unr22.fhgrjd.com,https://711fl553.unr22.fhgrjd.com/
711fl571.xmn94.fhgrjd.com,https://711fl571.xmn94.fhgrjd.com/
711fl580.nkh87.fhgrjd.com,https://711fl580.nkh87.fhgrjd.com/
711fl652.ewz74.fhgrjd.com,https://711fl652.ewz74.fhgrjd.com/
711fl688.vtc30.fhgrjd.com,https://711fl688.vtc30.fhgrjd.com/
711fl695.hur60.fhgrjd.com,https://711fl695.hur60.fhgrjd.com/
711fl716.iid90.fhgrjd.com,https://711fl716.iid90.fhgrjd.com/
711fl722.upl14.fhgrjd.com,https://711fl722.upl14.fhgrjd.com/
711hu101.zad59.fqstyj.com,https://711hu101.zad59.fqstyj.com/
711hu103.btw43.fqstyj.com,https://711hu103.btw43.fqstyj.com/
711hu105.tmg17.fqstyj.com,https://711hu105.tmg17.fqstyj.com/
711hu106.pho52.fqstyj.com,https://711hu106.pho52.fqstyj.com/
711hu107.tjd41.fqstyj.com,https://711hu107.tjd41.fqstyj.com/
711hu110.hxi79.fqstyj.com,https://711hu110.hxi79.fqstyj.com/
711hu122.hwu26.fqstyj.com,https://711hu122.hwu26.fqstyj.com/
711hu123.zpm28.fqstyj.com,https://711hu123.zpm28.fqstyj.com/
711hu124.jds46.fqstyj.com,https://711hu124.jds46.fqstyj.com/
711hu125.tah52.fqstyj.com,https://711hu125.tah52.fqstyj.com/
711hu127.maq93.fqstyj.com,https://711hu127.maq93.fqstyj.com/
711hua18.osc94.fqstyj.com,https://711hua18.osc94.fqstyj.com/
711jwx20.nte96.fqstyj.com,https://711jwx20.nte96.fqstyj.com/
711sgl04.hcg89.fqstyj.com,https://711sgl04.hcg89.fqstyj.com/
711xu009.lip26.fqstyj.com,https://711xu009.lip26.fqstyj.com/
711ya005.tof43.fqstyj.com,https://711ya005.tof43.fqstyj.com/
711zok01.ixr65.fqstyj.com,https://711zok01.ixr65.fqstyj.com/
711zok05.zts96.fqstyj.com,https://711zok05.zts96.fqstyj.com/
711zok08.fog26.fqstyj.com,https://711zok08.fog26.fqstyj.com/
711zok09.ezr67.fqstyj.com,https://711zok09.ezr67.fqstyj.com/
711zok10.ltg66.fqstyj.com,https://711zok10.ltg66.fqstyj.com/
711zok13.djw35.fqstyj.com,https://711zok13.djw35.fqstyj.com/
711zok14.snd23.fqstyj.com,https://711zok14.snd23.fqstyj.com/
711zok15.uqi13.fqstyj.com,https://711zok15.uqi13.fqstyj.com/
712hu104.yni88.stskai.com,https://712hu104.yni88.stskai.com/
712hu105.gba42.stskai.com,https://712hu105.gba42.stskai.com/
712hu110.nfg19.stskai.com,https://712hu110.nfg19.stskai.com/
712hu112.ytw65.stskai.com,https://712hu112.ytw65.stskai.com/
712hu122.pul78.stskai.com,https://712hu122.pul78.stskai.com/
712hu130.xyi57.stskai.com,https://712hu130.xyi57.stskai.com/
712hu134.vfq97.stskai.com,https://712hu134.vfq97.stskai.com/
712hu135.rvu32.stskai.com,https://712hu135.rvu32.stskai.com/
712hua17.afqsn.stskai.com,https://712hua17.afqsn.stskai.com/
712hua19.mqimx.stskai.com,https://712hua19.mqimx.stskai.com/
712si012.fcc40.stskai.com,https://712si012.fcc40.stskai.com/
712us001.aynfz.stskai.com,https://712us001.aynfz.stskai.com/
712us002.zwbcv.stskai.com,https://712us002.zwbcv.stskai.com/
712us003.aqngx.stskai.com,https://712us003.aqngx.stskai.com/
712xu005.bej88.stskai.com,https://712xu005.bej88.stskai.com/
712xu009.yeh90.stskai.com,https://712xu009.yeh90.stskai.com/
712xu012.pym55.stskai.com,https://712xu012.pym55.stskai.com/
712yj052.qrt60.stskai.com,https://712yj052.qrt60.stskai.com/
712zok01.ees25.stskai.com,https://712zok01.ees25.stskai.com/
712zok02.jjd94.stskai.com,https://712zok02.jjd94.stskai.com/
712zok04.xcw87.stskai.com,https://712zok04.xcw87.stskai.com/
712zok05.zwp41.stskai.com,https://712zok05.zwp41.stskai.com/
712zok06.zbw57.stskai.com,https://712zok06.zbw57.stskai.com/
712zok09.mnr89.stskai.com,https://712zok09.mnr89.stskai.com/
712zok10.urj44.stskai.com,https://712zok10.urj44.stskai.com/
712zok12.bkb43.stskai.com,https://712zok12.bkb43.stskai.com/
712zok14.biy61.stskai.com,https://712zok14.biy61.stskai.com/
712zok16.ako93.stskai.com,https://712zok16.ako93.stskai.com/
712zok19.hoo71.stskai.com,https://712zok19.hoo71.stskai.com/
713dong01.nvl73.qqvvx.com,https://713dong01.nvl73.qqvvx.com/
713dong33.ozd80.qqvvx.com,https://713dong33.ozd80.qqvvx.com/
713dong36.pff43.qqvvx.com,https://713dong36.pff43.qqvvx.com/
713dong46.dxq70.qqvvx.com,https://713dong46.dxq70.qqvvx.com/
713dong50.lma69.qqvvx.com,https://713dong50.lma69.qqvvx.com/
713fl010.wyq45.dlhexp.com,https://713fl010.wyq45.dlhexp.com/
713fl019.hwg21.dlhexp.com,https://713fl019.hwg21.dlhexp.com/
713fl068.gjv62.dlhexp.com,https://713fl068.gjv62.dlhexp.com/
713fl076.ivt97.dlhexp.com,https://713fl076.ivt97.dlhexp.com/
713fl083.icl46.dlhexp.com,https://713fl083.icl46.dlhexp.com/
713fl099.ovx96.dlhexp.com,https://713fl099.ovx96.dlhexp.com/
713fl133.hdf29.dlhexp.com,https://713fl133.hdf29.dlhexp.com/
713fl173.iyg60.dlhexp.com,https://713fl173.iyg60.dlhexp.com/
713fl194.ztv98.dlhexp.com,https://713fl194.ztv98.dlhexp.com/
713fl356.svq46.dlhexp.com,https://713fl356.svq46.dlhexp.com/
713fl384.gga29.dlhexp.com,https://713fl384.gga29.dlhexp.com/
713fl386.svp94.dlhexp.com,https://713fl386.svp94.dlhexp.com/
713fl410.jmy86.dlhexp.com,https://713fl410.jmy86.dlhexp.com/
713fl427.jag45.dlhexp.com,https://713fl427.jag45.dlhexp.com/
713fl439.mxr83.dlhexp.com,https://713fl439.mxr83.dlhexp.com/
713fl449.wvt63.dlhexp.com,https://713fl449.wvt63.dlhexp.com/
713fl456.woc32.dlhexp.com,https://713fl456.woc32.dlhexp.com/
713fl462.faq43.dlhexp.com,https://713fl462.faq43.dlhexp.com/
713fl499.uza15.dlhexp.com,https://713fl499.uza15.dlhexp.com/
713fl516.pzg82.hzmmwl.com,https://713fl516.pzg82.hzmmwl.com/
713fl565.rip45.hzmmwl.com,https://713fl565.rip45.hzmmwl.com/
713fl598.zdg46.hzmmwl.com,https://713fl598.zdg46.hzmmwl.com/
713fl668.xkm71.hzmmwl.com,https://713fl668.xkm71.hzmmwl.com/
713fl669.zds72.hzmmwl.com,https://713fl669.zds72.hzmmwl.com/
713fl693.pxm24.hzmmwl.com,https://713fl693.pxm24.hzmmwl.com/
713fl694.opq71.hzmmwl.com,https://713fl694.opq71.hzmmwl.com/
713jima05.kqt77.qqvvx.com,https://713jima05.kqt77.qqvvx.com/
713jima10.prmkk.qqvvx.com,https://713jima10.prmkk.qqvvx.com/
713xiao36.qdjsg.qqvvx.com,https://713xiao36.qdjsg.qqvvx.com/
713xiao38.vnrmc.qqvvx.com,https://713xiao38.vnrmc.qqvvx.com/
714fl001.suw49.hbhdkc.com,https://714fl001.suw49.hbhdkc.com/
714fl007.xco81.hbhdkc.com,https://714fl007.xco81.hbhdkc.com/
714fl015.rjp66.hbhdkc.com,https://714fl015.rjp66.hbhdkc.com/
714fl035.umc82.hbhdkc.com,https://714fl035.umc82.hbhdkc.com/
714fl069.ami86.hbhdkc.com,https://714fl069.ami86.hbhdkc.com/
714fl087.bpt57.hbhdkc.com,https://714fl087.bpt57.hbhdkc.com/
714fl097.gjl73.hbhdkc.com,https://714fl097.gjl73.hbhdkc.com/
714fl105.dry26.hbhdkc.com,https://714fl105.dry26.hbhdkc.com/
714fl196.zlb67.hbhdkc.com,https://714fl196.zlb67.hbhdkc.com/
714fl206.nmy19.hbhdkc.com,https://714fl206.nmy19.hbhdkc.com/
714fl231.hui38.hbhdkc.com,https://714fl231.hui38.hbhdkc.com/
714fl239.dehfn.hbhdkc.com,https://714fl239.dehfn.hbhdkc.com/
714fl247.tqe70.hbhdkc.com,https://714fl247.tqe70.hbhdkc.com/
714fl249.pmf86.hbhdkc.com,https://714fl249.pmf86.hbhdkc.com/
714fl251.vsl29.hbhdkc.com,https://714fl251.vsl29.hbhdkc.com/
714fl351.jfu27.hbhdkc.com,https://714fl351.jfu27.hbhdkc.com/
714fl395.qdy41.hbhdkc.com,https://714fl395.qdy41.hbhdkc.com/
714fl413.shs16.hbhdkc.com,https://714fl413.shs16.hbhdkc.com/
714fl447.rng49.hbhdkc.com,https://714fl447.rng49.hbhdkc.com/
714fl458.aqt62.hbhdkc.com,https://714fl458.aqt62.hbhdkc.com/
714fl475.ilm44.hbhdkc.com,https://714fl475.ilm44.hbhdkc.com/
714fl476.xdj39.hbhdkc.com,https://714fl476.xdj39.hbhdkc.com/
714fl513.tqy33.nuyahy.com,https://714fl513.tqy33.nuyahy.com/
714fl554.alk13.nuyahy.com,https://714fl554.alk13.nuyahy.com/
714fl604.azi61.nuyahy.com,https://714fl604.azi61.nuyahy.com/
714fl630.oww72.nuyahy.com,https://714fl630.oww72.nuyahy.com/
714fl669.fka41.nuyahy.com,https://714fl669.fka41.nuyahy.com/
714fl684.fng69.nuyahy.com,https://714fl684.fng69.nuyahy.com/
714fl720.cdk16.nuyahy.com,https://714fl720.cdk16.nuyahy.com/
714fl721.gux34.nuyahy.com,https://714fl721.gux34.nuyahy.com/
714fl723.dbv60.nuyahy.com,https://714fl723.dbv60.nuyahy.com/
714fl725.bwl74.nuyahy.com,https://714fl725.bwl74.nuyahy.com/
714fl742.hnr38.nuyahy.com,https://714fl742.hnr38.nuyahy.com/
714hu102.wez84.rylvib.com,https://714hu102.wez84.rylvib.com/
714hu109.jsg45.rylvib.com,https://714hu109.jsg45.rylvib.com/
714hu125.ubl40.rylvib.com,https://714hu125.ubl40.rylvib.com/
714hu127.sob80.rylvib.com,https://714hu127.sob80.rylvib.com/
714mzi01.zcq81.rylvib.com,https://714mzi01.zcq81.rylvib.com/
714si015.bkc39.rylvib.com,https://714si015.bkc39.rylvib.com/
714xu001.ynq62.rylvib.com,https://714xu001.ynq62.rylvib.com/
714xu002.hox95.rylvib.com,https://714xu002.hox95.rylvib.com/
714xu005.hiu31.rylvib.com,https://714xu005.hiu31.rylvib.com/
714xu006.fkj25.rylvib.com,https://714xu006.fkj25.rylvib.com/
714xu007.bxg27.rylvib.com,https://714xu007.bxg27.rylvib.com/
714xu011.ssp66.rylvib.com,https://714xu011.ssp66.rylvib.com/
714xu020.nuf93.rylvib.com,https://714xu020.nuf93.rylvib.com/
714yj056.yzh84.rylvib.com,https://714yj056.yzh84.rylvib.com/
714zok09.gia11.rylvib.com,https://714zok09.gia11.rylvib.com/
714zok14.tmb53.rylvib.com,https://714zok14.tmb53.rylvib.com/
714zok18.rws54.rylvib.com,https://714zok18.rws54.rylvib.com/
715dao07.sxexg.nlvbhw.com,https://715dao07.sxexg.nlvbhw.com/
715fl029.meb35.gpzscx.com,https://715fl029.meb35.gpzscx.com/
715fl039.smr27.gpzscx.com,https://715fl039.smr27.gpzscx.com/
715fl046.nnw16.gpzscx.com,https://715fl046.nnw16.gpzscx.com/
715fl051.xws47.gpzscx.com,https://715fl051.xws47.gpzscx.com/
715fl063.wpm32.gpzscx.com,https://715fl063.wpm32.gpzscx.com/
715fl072.ftw30.gpzscx.com,https://715fl072.ftw30.gpzscx.com/
715fl076.xpn27.gpzscx.com,https://715fl076.xpn27.gpzscx.com/
715fl159.ivh34.gpzscx.com,https://715fl159.ivh34.gpzscx.com/
715fl171.ist22.gpzscx.com,https://715fl171.ist22.gpzscx.com/
715fl198.rkj29.gpzscx.com,https://715fl198.rkj29.gpzscx.com/
715fl218.pwi36.gpzscx.com,https://715fl218.pwi36.gpzscx.com/
715fl226.fzx42.gpzscx.com,https://715fl226.fzx42.gpzscx.com/
715fl258.uxp75.gpzscx.com,https://715fl258.uxp75.gpzscx.com/
715fl331.jsf30.gpzscx.com,https://715fl331.jsf30.gpzscx.com/
715fl360.ewg33.gpzscx.com,https://715fl360.ewg33.gpzscx.com/
715fl397.dlj60.gpzscx.com,https://715fl397.dlj60.gpzscx.com/
715fl398.xsv44.gpzscx.com,https://715fl398.xsv44.gpzscx.com/
715fl401.kao80.gpzscx.com,https://715fl401.kao80.gpzscx.com/
715fl468.vxm53.gpzscx.com,https://715fl468.vxm53.gpzscx.com/
715fl472.kbg18.gpzscx.com,https://715fl472.kbg18.gpzscx.com/
715fl478.znr76.gpzscx.com,https://715fl478.znr76.gpzscx.com/
715fl480.wfq57.gpzscx.com,https://715fl480.wfq57.gpzscx.com/
715fl485.xcy39.gpzscx.com,https://715fl485.xcy39.gpzscx.com/
715fl512.eor13.yysyhy.com,https://715fl512.eor13.yysyhy.com/
715fl542.fzn45.yysyhy.com,https://715fl542.fzn45.yysyhy.com/
715fl544.lva65.yysyhy.com,https://715fl544.lva65.yysyhy.com/
715fl559.gdr99.yysyhy.com,https://715fl559.gdr99.yysyhy.com/
715fl586.nhr12.yysyhy.com,https://715fl586.nhr12.yysyhy.com/
715fl596.aqq63.yysyhy.com,https://715fl596.aqq63.yysyhy.com/
715fl605.ggk90.yysyhy.com,https://715fl605.ggk90.yysyhy.com/
715fl610.wgc86.yysyhy.com,https://715fl610.wgc86.yysyhy.com/
715fl647.tpu48.yysyhy.com,https://715fl647.tpu48.yysyhy.com/
715fl676.fzs97.yysyhy.com,https://715fl676.fzs97.yysyhy.com/
715fl693.jbo27.yysyhy.com,https://715fl693.jbo27.yysyhy.com/
715gx001.vpqvh.nlvbhw.com,https://715gx001.vpqvh.nlvbhw.com/
715hu102.scl85.nlvbhw.com,https://715hu102.scl85.nlvbhw.com/
715hu105.pgb26.nlvbhw.com,https://715hu105.pgb26.nlvbhw.com/
715hu107.muk40.nlvbhw.com,https://715hu107.muk40.nlvbhw.com/
715hu108.ifh88.nlvbhw.com,https://715hu108.ifh88.nlvbhw.com/
715hu110.esz58.nlvbhw.com,https://715hu110.esz58.nlvbhw.com/
715hu113.neg88.nlvbhw.com,https://715hu113.neg88.nlvbhw.com/
715hu115.xdo11.nlvbhw.com,https://715hu115.xdo11.nlvbhw.com/
715hu120.dsc55.nlvbhw.com,https://715hu120.dsc55.nlvbhw.com/
715hu123.bsw45.nlvbhw.com,https://715hu123.bsw45.nlvbhw.com/
715hu124.jta33.nlvbhw.com,https://715hu124.jta33.nlvbhw.com/
715hu125.jfe14.nlvbhw.com,https://715hu125.jfe14.nlvbhw.com/
715hua04.pifmt.nlvbhw.com,https://715hua04.pifmt.nlvbhw.com/
715hua07.lbcgl.nlvbhw.com,https://715hua07.lbcgl.nlvbhw.com/
715hua08.bsbsq.nlvbhw.com,https://715hua08.bsbsq.nlvbhw.com/
715si001.mhval.nlvbhw.com,https://715si001.mhval.nlvbhw.com/
715si016.dvdom.nlvbhw.com,https://715si016.dvdom.nlvbhw.com/
715xiao16.qhtek.nlvbhw.com,https://715xiao16.qhtek.nlvbhw.com/
715xu013.fqs29.nlvbhw.com,https://715xu013.fqs29.nlvbhw.com/
715xu014.vrf87.nlvbhw.com,https://715xu014.vrf87.nlvbhw.com/
715xu021.szr13.nlvbhw.com,https://715xu021.szr13.nlvbhw.com/
715yj050.okl36.nlvbhw.com,https://715yj050.okl36.nlvbhw.com/
715zok02.lsq85.nlvbhw.com,https://715zok02.lsq85.nlvbhw.com/
715zok03.vpv87.nlvbhw.com,https://715zok03.vpv87.nlvbhw.com/
715zok05.vcs45.nlvbhw.com,https://715zok05.vcs45.nlvbhw.com/
715zok11.pto87.nlvbhw.com,https://715zok11.pto87.nlvbhw.com/
716dao02.tgrut.unlgqb.com,https://716dao02.tgrut.unlgqb.com/
716dao03.jbqak.unlgqb.com,https://716dao03.jbqak.unlgqb.com/
716dao09.fyaps.unlgqb.com,https://716dao09.fyaps.unlgqb.com/
716dao10.wyfzq.unlgqb.com,https://716dao10.wyfzq.unlgqb.com/
716fl011.xck96.otatsc.com,https://716fl011.xck96.otatsc.com/
716fl040.tht63.otatsc.com,https://716fl040.tht63.otatsc.com/
716fl057.ogm77.otatsc.com,https://716fl057.ogm77.otatsc.com/
716fl068.rif73.otatsc.com,https://716fl068.rif73.otatsc.com/
716fl078.ciq99.otatsc.com,https://716fl078.ciq99.otatsc.com/
716fl085.vmf97.otatsc.com,https://716fl085.vmf97.otatsc.com/
716fl103.ikp16.otatsc.com,https://716fl103.ikp16.otatsc.com/
716fl104.bjw68.otatsc.com,https://716fl104.bjw68.otatsc.com/
716fl105.akg73.otatsc.com,https://716fl105.akg73.otatsc.com/
716fl126.ygx62.otatsc.com,https://716fl126.ygx62.otatsc.com/
716fl142.qzj82.otatsc.com,https://716fl142.qzj82.otatsc.com/
716fl158.bav91.otatsc.com,https://716fl158.bav91.otatsc.com/
716fl224.nxj61.otatsc.com,https://716fl224.nxj61.otatsc.com/
716fl274.pxe92.otatsc.com,https://716fl274.pxe92.otatsc.com/
716fl282.abk25.otatsc.com,https://716fl282.abk25.otatsc.com/
716fl289.utj91.otatsc.com,https://716fl289.utj91.otatsc.com/
716fl295.ulg51.otatsc.com,https://716fl295.ulg51.otatsc.com/
716fl318.ydy90.otatsc.com,https://716fl318.ydy90.otatsc.com/
716fl335.hzj91.otatsc.com,https://716fl335.hzj91.otatsc.com/
716fl357.daa65.otatsc.com,https://716fl357.daa65.otatsc.com/
716fl370.vil82.otatsc.com,https://716fl370.vil82.otatsc.com/
716fl392.lom55.otatsc.com,https://716fl392.lom55.otatsc.com/
716fl457.lkw21.otatsc.com,https://716fl457.lkw21.otatsc.com/
716fl462.eqm27.otatsc.com,https://716fl462.eqm27.otatsc.com/
716fl474.two63.otatsc.com,https://716fl474.two63.otatsc.com/
716fl514.kvq14.duglna.com,https://716fl514.kvq14.duglna.com/
716fl556.fgs81.duglna.com,https://716fl556.fgs81.duglna.com/
716fl562.trr56.duglna.com,https://716fl562.trr56.duglna.com/
716fl574.ahh54.duglna.com,https://716fl574.ahh54.duglna.com/
716fl616.vap25.duglna.com,https://716fl616.vap25.duglna.com/
716fl655.cpw75.duglna.com,https://716fl655.cpw75.duglna.com/
716gx001.fzmkp.unlgqb.com,https://716gx001.fzmkp.unlgqb.com/
716hu103.thz52.unlgqb.com,https://716hu103.thz52.unlgqb.com/
716hu110.pmx25.unlgqb.com,https://716hu110.pmx25.unlgqb.com/
716hu126.rcy86.unlgqb.com,https://716hu126.rcy86.unlgqb.com/
716hua13.qgcrt.unlgqb.com,https://716hua13.qgcrt.unlgqb.com/
716si022.mhjgs.unlgqb.com,https://716si022.mhjgs.unlgqb.com/
716si024.gbcql.unlgqb.com,https://716si024.gbcql.unlgqb.com/
716si052.hgcja.unlgqb.com,https://716si052.hgcja.unlgqb.com/
716tk002.slern.unlgqb.com,https://716tk002.slern.unlgqb.com/
716xu001.hxy52.unlgqb.com,https://716xu001.hxy52.unlgqb.com/
716xu006.qmd98.unlgqb.com,https://716xu006.qmd98.unlgqb.com/
716xu014.mhu55.unlgqb.com,https://716xu014.mhu55.unlgqb.com/
716zok08.oay35.unlgqb.com,https://716zok08.oay35.unlgqb.com/
716zok13.zjl77.unlgqb.com,https://716zok13.zjl77.unlgqb.com/
716zok15.yql14.unlgqb.com,https://716zok15.yql14.unlgqb.com/
716zok16.mvh95.unlgqb.com,https://716zok16.mvh95.unlgqb.com/
718dao01.qbu62.bxgsnj.com,https://718dao01.qbu62.bxgsnj.com/
718dla21.tyr35.wlsmlt.com,https://718dla21.tyr35.wlsmlt.com/
718dla26.ekd30.wlsmlt.com,https://718dla26.ekd30.wlsmlt.com/
718dla27.vlh71.wlsmlt.com,https://718dla27.vlh71.wlsmlt.com/
718dla28.pow78.wlsmlt.com,https://718dla28.pow78.wlsmlt.com/
718dla38.ktq41.wlsmlt.com,https://718dla38.ktq41.wlsmlt.com/
718dla47.mfc68.wlsmlt.com,https://718dla47.mfc68.wlsmlt.com/
718dla49.wok29.wlsmlt.com,https://718dla49.wok29.wlsmlt.com/
718dla53.eca92.wlsmlt.com,https://718dla53.eca92.wlsmlt.com/
718dla61.baz18.wlsmlt.com,https://718dla61.baz18.wlsmlt.com/
718dla67.oun64.wlsmlt.com,https://718dla67.oun64.wlsmlt.com/
718dla72.qre25.wlsmlt.com,https://718dla72.qre25.wlsmlt.com/
718dla78.fll33.wlsmlt.com,https://718dla78.fll33.wlsmlt.com/
718dla81.pme21.wlsmlt.com,https://718dla81.pme21.wlsmlt.com/
718dla84.jld50.wlsmlt.com,https://718dla84.jld50.wlsmlt.com/
718dla91.ndj78.wlsmlt.com,https://718dla91.ndj78.wlsmlt.com/
718dong36.mid20.fnpyvc.cn,https://718dong36.mid20.fnpyvc.cn/
718dt100.a78gv.cxjzmj.com,https://718dt100.a78gv.cxjzmj.com/
718dt100.jsh88.cxjzmj.com,https://718dt100.jsh88.cxjzmj.com/
718hua15.vow62.bxgsnj.com,https://718hua15.vow62.bxgsnj.com/
718jf302.gtx54.bxgsnj.com,https://718jf302.gtx54.bxgsnj.com/
718si016.ggb34.bxgsnj.com,https://718si016.ggb34.bxgsnj.com/
718si019.lzk62.bxgsnj.com,https://718si019.lzk62.bxgsnj.com/
718si039.vrt24.bxgsnj.com,https://718si039.vrt24.bxgsnj.com/
718xiao27.kqh19.fnpyvc.cn,https://718xiao27.kqh19.fnpyvc.cn/
718xiao32.mvo72.fnpyvc.cn,https://718xiao32.mvo72.fnpyvc.cn/
718xu001.mtw38.bxgsnj.com,https://718xu001.mtw38.bxgsnj.com/
718xu003.apv57.bxgsnj.com,https://718xu003.apv57.bxgsnj.com/
718xu029.hsv15.bxgsnj.com,https://718xu029.hsv15.bxgsnj.com/
718zok13.ffg97.bxgsnj.com,https://718zok13.ffg97.bxgsnj.com/
718zok16.lsa89.bxgsnj.com,https://718zok16.lsa89.bxgsnj.com/
719dla111.ppy62.hcyuzl.cn,https://719dla111.ppy62.hcyuzl.cn/
719dla125.mgp31.hcyuzl.cn,https://719dla125.mgp31.hcyuzl.cn/
719dla126.yhb21.hcyuzl.cn,https://719dla126.yhb21.hcyuzl.cn/
719dla128.xbr78.hcyuzl.cn,https://719dla128.xbr78.hcyuzl.cn/
719dla138.xok52.hcyuzl.cn,https://719dla138.xok52.hcyuzl.cn/
719dla151.ueq28.hcyuzl.cn,https://719dla151.ueq28.hcyuzl.cn/
719dla154.wvo39.hcyuzl.cn,https://719dla154.wvo39.hcyuzl.cn/
719dla158.nao92.hcyuzl.cn,https://719dla158.nao92.hcyuzl.cn/
719dla161.sew47.hcyuzl.cn,https://719dla161.sew47.hcyuzl.cn/
719dla174.rdnbj.hcyuzl.cn,https://719dla174.rdnbj.hcyuzl.cn/
719dla176.qpydn.hcyuzl.cn,https://719dla176.qpydn.hcyuzl.cn/
719dla184.klmkz.hcyuzl.cn,https://719dla184.klmkz.hcyuzl.cn/
719dla191.ubvgd.hcyuzl.cn,https://719dla191.ubvgd.hcyuzl.cn/
719dla194.kftae.hcyuzl.cn,https://719dla194.kftae.hcyuzl.cn/
719dla219.gbxec.hcyuzl.cn,https://719dla219.gbxec.hcyuzl.cn/
719dla258.hvi67.hcyuzl.cn,https://719dla258.hvi67.hcyuzl.cn/
719dong05.ctk88.hgzvpx.cn,https://719dong05.ctk88.hgzvpx.cn/
719dong08.pzk30.hgzvpx.cn,https://719dong08.pzk30.hgzvpx.cn/
719dong12.okn73.hgzvpx.cn,https://719dong12.okn73.hgzvpx.cn/
719dong21.dza28.hgzvpx.cn,https://719dong21.dza28.hgzvpx.cn/
719gysp2.wqf26.wlsmlt.com,https://719gysp2.wqf26.wlsmlt.com/
719gysp3.evs62.wlsmlt.com,https://719gysp3.evs62.wlsmlt.com/
719xiao05.qaj94.hgzvpx.cn,https://719xiao05.qaj94.hgzvpx.cn/
719xiao19.jte57.hgzvpx.cn,https://719xiao19.jte57.hgzvpx.cn/
719xssp28.xru15.hcyuzl.cn,https://719xssp28.xru15.hcyuzl.cn/
719xssp32.uxa72.hcyuzl.cn,https://719xssp32.uxa72.hcyuzl.cn/
719xssp39.euf93.hcyuzl.cn,https://719xssp39.euf93.hcyuzl.cn/
719xssp45.cqw72.hcyuzl.cn,https://719xssp45.cqw72.hcyuzl.cn/
719xssp52.hyt33.hcyuzl.cn,https://719xssp52.hyt33.hcyuzl.cn/
719xssp66.yws58.hcyuzl.cn,https://719xssp66.yws58.hcyuzl.cn/
720dla103.dai33.dlqumf.cn,https://720dla103.dai33.dlqumf.cn/
720dla108.aky97.dlqumf.cn,https://720dla108.aky97.dlqumf.cn/
720dla122.zwr51.dlqumf.cn,https://720dla122.zwr51.dlqumf.cn/
720dla136.jry41.dlqumf.cn,https://720dla136.jry41.dlqumf.cn/
720dla161.wsd81.dlqumf.cn,https://720dla161.wsd81.dlqumf.cn/
720dla216.ypdvp.dlqumf.cn,https://720dla216.ypdvp.dlqumf.cn/
720dla219.qwbpg.dlqumf.cn,https://720dla219.qwbpg.dlqumf.cn/
720dla220.rgegn.dlqumf.cn,https://720dla220.rgegn.dlqumf.cn/
720dla223.anglw.dlqumf.cn,https://720dla223.anglw.dlqumf.cn/
720dla224.eysip.dlqumf.cn,https://720dla224.eysip.dlqumf.cn/
720dla239.itgqz.dlqumf.cn,https://720dla239.itgqz.dlqumf.cn/
720dla243.fnsay.dlqumf.cn,https://720dla243.fnsay.dlqumf.cn/
720dla253.trx22.dlqumf.cn,https://720dla253.trx22.dlqumf.cn/
720dla307.qey63.dlqumf.cn,https://720dla307.qey63.dlqumf.cn/
720dla308.xxp69.dlqumf.cn,https://720dla308.xxp69.dlqumf.cn/
720dla311.ufr44.dlqumf.cn,https://720dla311.ufr44.dlqumf.cn/
720dla344.nyg88.dlqumf.cn,https://720dla344.nyg88.dlqumf.cn/
720dla347.bfr46.dlqumf.cn,https://720dla347.bfr46.dlqumf.cn/
720dong04.vve93.tepehd.cn,https://720dong04.vve93.tepehd.cn/
720dong12.ess46.tepehd.cn,https://720dong12.ess46.tepehd.cn/
720dong23.pwj61.tepehd.cn,https://720dong23.pwj61.tepehd.cn/
720dong34.rem42.tepehd.cn,https://720dong34.rem42.tepehd.cn/
720dong42.zeghz.tepehd.cn,https://720dong42.zeghz.tepehd.cn/
720gysp22.mry62.hcyuzl.cn,https://720gysp22.mry62.hcyuzl.cn/
720gysp23.dav45.hcyuzl.cn,https://720gysp23.dav45.hcyuzl.cn/
720xiao14.bzh16.tepehd.cn,https://720xiao14.bzh16.tepehd.cn/
720xssp12.lkk85.dlqumf.cn,https://720xssp12.lkk85.dlqumf.cn/
720xssp13.blz33.dlqumf.cn,https://720xssp13.blz33.dlqumf.cn/
720xssp17.bjq87.dlqumf.cn,https://720xssp17.bjq87.dlqumf.cn/
720xssp21.wbg27.dlqumf.cn,https://720xssp21.wbg27.dlqumf.cn/
720xssp22.iun90.dlqumf.cn,https://720xssp22.iun90.dlqumf.cn/
720xssp38.lvc41.dlqumf.cn,https://720xssp38.lvc41.dlqumf.cn/
720xssp41.den88.dlqumf.cn,https://720xssp41.den88.dlqumf.cn/
720xssp57.dhen2.dlqumf.cn,https://720xssp57.dhen2.dlqumf.cn/
720xssp59.reh35.dlqumf.cn,https://720xssp59.reh35.dlqumf.cn/
721dla107.mnd19.kpntpv.cn,https://721dla107.mnd19.kpntpv.cn/
721dla117.nhx87.kpntpv.cn,https://721dla117.nhx87.kpntpv.cn/
721dla132.tng21.kpntpv.cn,https://721dla132.tng21.kpntpv.cn/
721dla141.oum34.kpntpv.cn,https://721dla141.oum34.kpntpv.cn/
721dla152.nyx22.kpntpv.cn,https://721dla152.nyx22.kpntpv.cn/
721dla153.tdw27.kpntpv.cn,https://721dla153.tdw27.kpntpv.cn/
721dla190.vjlup.kpntpv.cn,https://721dla190.vjlup.kpntpv.cn/
721dla213.ulfaa.kpntpv.cn,https://721dla213.ulfaa.kpntpv.cn/
721dla214.udnhj.kpntpv.cn,https://721dla214.udnhj.kpntpv.cn/
721dla216.yzept.kpntpv.cn,https://721dla216.yzept.kpntpv.cn/
721dla219.ctyoe.kpntpv.cn,https://721dla219.ctyoe.kpntpv.cn/
721dla220.ikedz.kpntpv.cn,https://721dla220.ikedz.kpntpv.cn/
721dla221.qsnmr.kpntpv.cn,https://721dla221.qsnmr.kpntpv.cn/
721dla258.uee66.kpntpv.cn,https://721dla258.uee66.kpntpv.cn/
721dla275.gml96.kpntpv.cn,https://721dla275.gml96.kpntpv.cn/
721dla276.sgj18.kpntpv.cn,https://721dla276.sgj18.kpntpv.cn/
721dla278.muj39.kpntpv.cn,https://721dla278.muj39.kpntpv.cn/
721dla283.oov18.kpntpv.cn,https://721dla283.oov18.kpntpv.cn/
721dla307.bkg81.kpntpv.cn,https://721dla307.bkg81.kpntpv.cn/
721gysp24.snu13.dlqumf.cn,https://721gysp24.snu13.dlqumf.cn/
721gysp26.syah2.dlqumf.cn,https://721gysp26.syah2.dlqumf.cn/
721xssp15.tbi20.kpntpv.cn,https://721xssp15.tbi20.kpntpv.cn/
721xssp26.jdh23.kpntpv.cn,https://721xssp26.jdh23.kpntpv.cn/
721xssp30.rpn13.kpntpv.cn,https://721xssp30.rpn13.kpntpv.cn/
721xssp47.tpk52.kpntpv.cn,https://721xssp47.tpk52.kpntpv.cn/
721xssp59.kgt65.kpntpv.cn,https://721xssp59.kgt65.kpntpv.cn/
721xssp60.avw55.kpntpv.cn,https://721xssp60.avw55.kpntpv.cn/
722dla122.lgn71.ppqiod.cn,https://722dla122.lgn71.ppqiod.cn/
722dla123.bcw38.ppqiod.cn,https://722dla123.bcw38.ppqiod.cn/
722dla125.mds11.ppqiod.cn,https://722dla125.mds11.ppqiod.cn/
722dla127.plk46.ppqiod.cn,https://722dla127.plk46.ppqiod.cn/
722dla142.vej35.ppqiod.cn,https://722dla142.vej35.ppqiod.cn/
722dla145.lza58.ppqiod.cn,https://722dla145.lza58.ppqiod.cn/
722dla151.vhx96.ppqiod.cn,https://722dla151.vhx96.ppqiod.cn/
722dla162.kcy37.ppqiod.cn,https://722dla162.kcy37.ppqiod.cn/
722dla164.rez86.ppqiod.cn,https://722dla164.rez86.ppqiod.cn/
722dla185.xvwlu.ppqiod.cn,https://722dla185.xvwlu.ppqiod.cn/
722dla203.ypmjm.ppqiod.cn,https://722dla203.ypmjm.ppqiod.cn/
722dla204.vitzb.ppqiod.cn,https://722dla204.vitzb.ppqiod.cn/
722dla208.tefta.ppqiod.cn,https://722dla208.tefta.ppqiod.cn/
722dla215.blgki.ppqiod.cn,https://722dla215.blgki.ppqiod.cn/
722dla230.adpvq.ppqiod.cn,https://722dla230.adpvq.ppqiod.cn/
722dla249.nvrty.ppqiod.cn,https://722dla249.nvrty.ppqiod.cn/
722dla250.ktoty.ppqiod.cn,https://722dla250.ktoty.ppqiod.cn/
722dla253.dephj.ppqiod.cn,https://722dla253.dephj.ppqiod.cn/
722dla266.dereb.ppqiod.cn,https://722dla266.dereb.ppqiod.cn/
722dla285.mmhka.ppqiod.cn,https://722dla285.mmhka.ppqiod.cn/
722dla294.ahgso.ppqiod.cn,https://722dla294.ahgso.ppqiod.cn/
722dla304.zaiaf.ppqiod.cn,https://722dla304.zaiaf.ppqiod.cn/
722dong20.scz39.crflvc.cn,https://722dong20.scz39.crflvc.cn/
722dong32.kui65.crflvc.cn,https://722dong32.kui65.crflvc.cn/
722gysp11.fco42.kpntpv.cn,https://722gysp11.fco42.kpntpv.cn/
722gysp20.nyj61.kpntpv.cn,https://722gysp20.nyj61.kpntpv.cn/
722gysp23.azh35.kpntpv.cn,https://722gysp23.azh35.kpntpv.cn/
722xiao03.srm49.crflvc.cn,https://722xiao03.srm49.crflvc.cn/
722xiao17.ont54.crflvc.cn,https://722xiao17.ont54.crflvc.cn/
722xssp12.ilg77.ppqiod.cn,https://722xssp12.ilg77.ppqiod.cn/
722xssp18.vwz63.ppqiod.cn,https://722xssp18.vwz63.ppqiod.cn/
722xssp29.ywq62.ppqiod.cn,https://722xssp29.ywq62.ppqiod.cn/
722xssp46.ttg90.ppqiod.cn,https://722xssp46.ttg90.ppqiod.cn/
723gysp16.kgb43.ppqiod.cn,https://723gysp16.kgb43.ppqiod.cn/
710tb67.ukwji.gpzycm.com,https://710tb67.ukwji.gpzycm.com/
711tb62.tex58.fqstyj.com,https://711tb62.tex58.fqstyj.com/
711tb74.qxi82.fqstyj.com,https://711tb74.qxi82.fqstyj.com/
711zok03.alk13.fqstyj.com,https://711zok03.alk13.fqstyj.com/
712fl007.odt98.qpsbw.com,https://712fl007.odt98.qpsbw.com/
712fl041.oiy49.qpsbw.com,https://712fl041.oiy49.qpsbw.com/
712fl093.jxm31.qpsbw.com,https://712fl093.jxm31.qpsbw.com/
712fl131.ufr22.qpsbw.com,https://712fl131.ufr22.qpsbw.com/
712fl132.esc65.qpsbw.com,https://712fl132.esc65.qpsbw.com/
712fl211.qip38.qpsbw.com,https://712fl211.qip38.qpsbw.com/
712fl212.coi98.qpsbw.com,https://712fl212.coi98.qpsbw.com/
712fl226.fhd40.qpsbw.com,https://712fl226.fhd40.qpsbw.com/
712fl266.lki82.qpsbw.com,https://712fl266.lki82.qpsbw.com/
712fl275.abp49.qpsbw.com,https://712fl275.abp49.qpsbw.com/
712fl321.bsl75.qpsbw.com,https://712fl321.bsl75.qpsbw.com/
712fl356.wgv47.qpsbw.com,https://712fl356.wgv47.qpsbw.com/
712fl427.tvl41.qpsbw.com,https://712fl427.tvl41.qpsbw.com/
712fl455.hwo83.qpsbw.com,https://712fl455.hwo83.qpsbw.com/
712fl477.awx25.qpsbw.com,https://712fl477.awx25.qpsbw.com/
712fl480.ceo48.qpsbw.com,https://712fl480.ceo48.qpsbw.com/
712fl483.bbk18.qpsbw.com,https://712fl483.bbk18.qpsbw.com/
712fl485.fej38.qpsbw.com,https://712fl485.fej38.qpsbw.com/
712fl502.nbs87.qmkdm.com,https://712fl502.nbs87.qmkdm.com/
712fl513.xcl49.qmkdm.com,https://712fl513.xcl49.qmkdm.com/
712fl567.duw34.qmkdm.com,https://712fl567.duw34.qmkdm.com/
712fl584.utw18.qmkdm.com,https://712fl584.utw18.qmkdm.com/
712fl593.rdp17.qmkdm.com,https://712fl593.rdp17.qmkdm.com/
712fl599.twi99.qmkdm.com,https://712fl599.twi99.qmkdm.com/
712fl621.sdr44.qmkdm.com,https://712fl621.sdr44.qmkdm.com/
712fl649.eqr49.qmkdm.com,https://712fl649.eqr49.qmkdm.com/
712fl670.yin37.qmkdm.com,https://712fl670.yin37.qmkdm.com/
712fl680.ztn64.qmkdm.com,https://712fl680.ztn64.qmkdm.com/
712fl692.lyl63.qmkdm.com,https://712fl692.lyl63.qmkdm.com/
712fl721.pqu11.qmkdm.com,https://712fl721.pqu11.qmkdm.com/
712fl727.jau16.qmkdm.com,https://712fl727.jau16.qmkdm.com/
712fl729.stw62.qmkdm.com,https://712fl729.stw62.qmkdm.com/
712tb71.aogoj.stskai.com,https://712tb71.aogoj.stskai.com/
713dao01.diotb.qqvvx.com,https://713dao01.diotb.qqvvx.com/
713dong13.dfa95.qqvvx.com,https://713dong13.dfa95.qqvvx.com/
713hu101.jid81.qqvvx.com,https://713hu101.jid81.qqvvx.com/
713hu106.wom95.qqvvx.com,https://713hu106.wom95.qqvvx.com/
713hu108.idf84.qqvvx.com,https://713hu108.idf84.qqvvx.com/
713hu109.mvj52.qqvvx.com,https://713hu109.mvj52.qqvvx.com/
713hu110.aay93.qqvvx.com,https://713hu110.aay93.qqvvx.com/
713hu115.kka98.qqvvx.com,https://713hu115.kka98.qqvvx.com/
713hu127.lop16.qqvvx.com,https://713hu127.lop16.qqvvx.com/
713hu128.pyp28.qqvvx.com,https://713hu128.pyp28.qqvvx.com/
713hu135.fvi37.qqvvx.com,https://713hu135.fvi37.qqvvx.com/
713hua04.aleta.qqvvx.com,https://713hua04.aleta.qqvvx.com/
713hua09.cupjv.qqvvx.com,https://713hua09.cupjv.qqvvx.com/
713hua22.fbtym.qqvvx.com,https://713hua22.fbtym.qqvvx.com/
713sgl01.cjjcv.qqvvx.com,https://713sgl01.cjjcv.qqvvx.com/
713si001.nrjum.qqvvx.com,https://713si001.nrjum.qqvvx.com/
713us004.kcadi.qqvvx.com,https://713us004.kcadi.qqvvx.com/
713us005.pmkrk.qqvvx.com,https://713us005.pmkrk.qqvvx.com/
713yf002.cuc41.qqvvx.com,https://713yf002.cuc41.qqvvx.com/
713yj056.fgc30.qqvvx.com,https://713yj056.fgc30.qqvvx.com/
713zok04.idx79.qqvvx.com,https://713zok04.idx79.qqvvx.com/
713zok07.bgh61.qqvvx.com,https://713zok07.bgh61.qqvvx.com/
713zok09.iui83.qqvvx.com,https://713zok09.iui83.qqvvx.com/
713zok18.ktl58.qqvvx.com,https://713zok18.ktl58.qqvvx.com/
714tb66.gaf54.rylvib.com,https://714tb66.gaf54.rylvib.com/
714tb70.nhp89.rylvib.com,https://714tb70.nhp89.rylvib.com/
714tb72.lwm74.rylvib.com,https://714tb72.lwm74.rylvib.com/
715fl021.iyq92.gpzscx.com,https://715fl021.iyq92.gpzscx.com/
715od21.wyryu.nlvbhw.com,https://715od21.wyryu.nlvbhw.com/
715tb61.jydda.nlvbhw.com,https://715tb61.jydda.nlvbhw.com/
715tb71.xofmu.nlvbhw.com,https://715tb71.xofmu.nlvbhw.com/
715tb72.gtzpt.nlvbhw.com,https://715tb72.gtzpt.nlvbhw.com/
715tb74.jdekg.nlvbhw.com,https://715tb74.jdekg.nlvbhw.com/
716od20.zhdyw.unlgqb.com,https://716od20.zhdyw.unlgqb.com/
718daa06.des71.fnpyvc.cn,https://718daa06.des71.fnpyvc.cn/
718dao02.cwv16.fnpyvc.cn,https://718dao02.cwv16.fnpyvc.cn/
718df25.lqd44.jusczz.com,https://718df25.lqd44.jusczz.com/
718df29.zur62.jusczz.com,https://718df29.zur62.jusczz.com/
718df34.paa30.jusczz.com,https://718df34.paa30.jusczz.com/
718df35.gsz39.jusczz.com,https://718df35.gsz39.jusczz.com/
718df36.cwa87.jusczz.com,https://718df36.cwa87.jusczz.com/
718df41.dor74.jusczz.com,https://718df41.dor74.jusczz.com/
718df45.xrx57.jusczz.com,https://718df45.xrx57.jusczz.com/
718df50.ajm42.jusczz.com,https://718df50.ajm42.jusczz.com/
718df56.jnw58.jusczz.com,https://718df56.jnw58.jusczz.com/
718df79.iqn14.jusczz.com,https://718df79.iqn14.jusczz.com/
718dla3.lmc88.wlsmlt.com,https://718dla3.lmc88.wlsmlt.com/
718dt10.htt47.cxjzmj.com,https://718dt10.htt47.cxjzmj.com/
718dt16.ezv99.cxjzmj.com,https://718dt16.ezv99.cxjzmj.com/
718dt24.omv79.cxjzmj.com,https://718dt24.omv79.cxjzmj.com/
718dt33.kct21.cxjzmj.com,https://718dt33.kct21.cxjzmj.com/
718dt42.etj56.cxjzmj.com,https://718dt42.etj56.cxjzmj.com/
718dt53.dlk43.cxjzmj.com,https://718dt53.dlk43.cxjzmj.com/
718dt66.wby73.cxjzmj.com,https://718dt66.wby73.cxjzmj.com/
718dt71.ebg19.cxjzmj.com,https://718dt71.ebg19.cxjzmj.com/
718fl003.hpt95.dntwag.cn,https://718fl003.hpt95.dntwag.cn/
718fl065.but65.dntwag.cn,https://718fl065.but65.dntwag.cn/
718fl067.lnv50.dntwag.cn,https://718fl067.lnv50.dntwag.cn/
718fl071.fbs19.dntwag.cn,https://718fl071.fbs19.dntwag.cn/
718fl128.wfz55.dntwag.cn,https://718fl128.wfz55.dntwag.cn/
718fl156.fkn99.dntwag.cn,https://718fl156.fkn99.dntwag.cn/
718fl203.cdo60.dntwag.cn,https://718fl203.cdo60.dntwag.cn/
718fl211.bgp83.dntwag.cn,https://718fl211.bgp83.dntwag.cn/
718fl270.wov88.dntwag.cn,https://718fl270.wov88.dntwag.cn/
718fl314.vhw49.dntwag.cn,https://718fl314.vhw49.dntwag.cn/
718fl316.vjf82.dntwag.cn,https://718fl316.vjf82.dntwag.cn/
718fl320.hsw48.dntwag.cn,https://718fl320.hsw48.dntwag.cn/
718fl321.qpk82.dntwag.cn,https://718fl321.qpk82.dntwag.cn/
718fl324.bvb64.dntwag.cn,https://718fl324.bvb64.dntwag.cn/
718fl325.yod93.dntwag.cn,https://718fl325.yod93.dntwag.cn/
718fl346.bwh76.dntwag.cn,https://718fl346.bwh76.dntwag.cn/
718fl348.byq77.dntwag.cn,https://718fl348.byq77.dntwag.cn/
718fl363.tvr39.dntwag.cn,https://718fl363.tvr39.dntwag.cn/
718fl364.tlr93.dntwag.cn,https://718fl364.tlr93.dntwag.cn/
718fl376.kvm49.dntwag.cn,https://718fl376.kvm49.dntwag.cn/
718fl382.zjf22.dntwag.cn,https://718fl382.zjf22.dntwag.cn/
718fl393.fmz46.dntwag.cn,https://718fl393.fmz46.dntwag.cn/
718fl426.enc79.dntwag.cn,https://718fl426.enc79.dntwag.cn/
718fl433.hqn67.dntwag.cn,https://718fl433.hqn67.dntwag.cn/
718fl434.sai48.dntwag.cn,https://718fl434.sai48.dntwag.cn/
718fl454.lpn86.dntwag.cn,https://718fl454.lpn86.dntwag.cn/
718fl474.mvs63.dntwag.cn,https://718fl474.mvs63.dntwag.cn/
718fl496.hat22.dntwag.cn,https://718fl496.hat22.dntwag.cn/
718fl513.kmn41.zklfup.cn,https://718fl513.kmn41.zklfup.cn/
718fl525.ham38.zklfup.cn,https://718fl525.ham38.zklfup.cn/
718fl556.yoo89.zklfup.cn,https://718fl556.yoo89.zklfup.cn/
718fl564.gmg68.zklfup.cn,https://718fl564.gmg68.zklfup.cn/
718fl648.vjo46.zklfup.cn,https://718fl648.vjo46.zklfup.cn/
718fl683.wkj58.zklfup.cn,https://718fl683.wkj58.zklfup.cn/
718fl691.dze53.zklfup.cn,https://718fl691.dze53.zklfup.cn/
718fl725.wel72.zklfup.cn,https://718fl725.wel72.zklfup.cn/
718hu110.mup65.fnpyvc.cn,https://718hu110.mup65.fnpyvc.cn/
718hu132.pbu94.fnpyvc.cn,https://718hu132.pbu94.fnpyvc.cn/
718od21.ruy19.bxgsnj.com,https://718od21.ruy19.bxgsnj.com/
718zok06.apl59.fnpyvc.cn,https://718zok06.apl59.fnpyvc.cn/
718zok17.fpb22.fnpyvc.cn,https://718zok17.fpb22.fnpyvc.cn/
718zok20.aia98.fnpyvc.cn,https://718zok20.aia98.fnpyvc.cn/
719dla34.buq31.hcyuzl.cn,https://719dla34.buq31.hcyuzl.cn/
719dla37.xbf96.hcyuzl.cn,https://719dla37.xbf96.hcyuzl.cn/
719dla39.uvz98.hcyuzl.cn,https://719dla39.uvz98.hcyuzl.cn/
719dla45.gbx24.hcyuzl.cn,https://719dla45.gbx24.hcyuzl.cn/
719dla51.tnq89.hcyuzl.cn,https://719dla51.tnq89.hcyuzl.cn/
719dla63.aqs41.hcyuzl.cn,https://719dla63.aqs41.hcyuzl.cn/
719dla67.jjy37.hcyuzl.cn,https://719dla67.jjy37.hcyuzl.cn/
719dla89.drg15.hcyuzl.cn,https://719dla89.drg15.hcyuzl.cn/
719fl001.gub91.uhmzpm.cn,https://719fl001.gub91.uhmzpm.cn/
719fl023.vof11.uhmzpm.cn,https://719fl023.vof11.uhmzpm.cn/
719fl042.nrt21.uhmzpm.cn,https://719fl042.nrt21.uhmzpm.cn/
719fl058.gus34.uhmzpm.cn,https://719fl058.gus34.uhmzpm.cn/
719fl070.drv49.uhmzpm.cn,https://719fl070.drv49.uhmzpm.cn/
719fl090.cpi74.uhmzpm.cn,https://719fl090.cpi74.uhmzpm.cn/
719fl095.mgk41.uhmzpm.cn,https://719fl095.mgk41.uhmzpm.cn/
719fl133.jof43.uhmzpm.cn,https://719fl133.jof43.uhmzpm.cn/
719fl155.tlu84.uhmzpm.cn,https://719fl155.tlu84.uhmzpm.cn/
719fl158.hvk22.uhmzpm.cn,https://719fl158.hvk22.uhmzpm.cn/
719fl164.obg46.uhmzpm.cn,https://719fl164.obg46.uhmzpm.cn/
719fl165.etq43.uhmzpm.cn,https://719fl165.etq43.uhmzpm.cn/
719fl195.czp21.uhmzpm.cn,https://719fl195.czp21.uhmzpm.cn/
719fl271.czx59.uhmzpm.cn,https://719fl271.czx59.uhmzpm.cn/
719fl285.liq51.uhmzpm.cn,https://719fl285.liq51.uhmzpm.cn/
719fl293.tjn98.uhmzpm.cn,https://719fl293.tjn98.uhmzpm.cn/
719fl298.drv37.uhmzpm.cn,https://719fl298.drv37.uhmzpm.cn/
719fl312.kdp94.uhmzpm.cn,https://719fl312.kdp94.uhmzpm.cn/
719fl350.lmy99.uhmzpm.cn,https://719fl350.lmy99.uhmzpm.cn/
719fl352.jeg87.uhmzpm.cn,https://719fl352.jeg87.uhmzpm.cn/
719fl355.pvx48.uhmzpm.cn,https://719fl355.pvx48.uhmzpm.cn/
719fl384.btk44.uhmzpm.cn,https://719fl384.btk44.uhmzpm.cn/
719fl391.lpe77.uhmzpm.cn,https://719fl391.lpe77.uhmzpm.cn/
719fl402.sac87.uhmzpm.cn,https://719fl402.sac87.uhmzpm.cn/
719fl423.geh34.uhmzpm.cn,https://719fl423.geh34.uhmzpm.cn/
719fl490.uxh49.uhmzpm.cn,https://719fl490.uxh49.uhmzpm.cn/
719fl529.vfm74.tcswhb.cn,https://719fl529.vfm74.tcswhb.cn/
719fl555.pwi52.tcswhb.cn,https://719fl555.pwi52.tcswhb.cn/
719fl556.www96.tcswhb.cn,https://719fl556.www96.tcswhb.cn/
719fl578.nun34.tcswhb.cn,https://719fl578.nun34.tcswhb.cn/
719fl590.iem42.tcswhb.cn,https://719fl590.iem42.tcswhb.cn/
719fl597.uqr75.tcswhb.cn,https://719fl597.uqr75.tcswhb.cn/
719fl599.jht40.tcswhb.cn,https://719fl599.jht40.tcswhb.cn/
719fl661.cxu87.tcswhb.cn,https://719fl661.cxu87.tcswhb.cn/
719fl714.tjf55.tcswhb.cn,https://719fl714.tjf55.tcswhb.cn/
719fl721.pon95.tcswhb.cn,https://719fl721.pon95.tcswhb.cn/
719fl728.jil56.tcswhb.cn,https://719fl728.jil56.tcswhb.cn/
719fl748.eix65.tcswhb.cn,https://719fl748.eix65.tcswhb.cn/
719fl754.ixn13.tcswhb.cn,https://719fl754.ixn13.tcswhb.cn/
719fl777.ypj62.tcswhb.cn,https://719fl777.ypj62.tcswhb.cn/
719fl791.iug29.tcswhb.cn,https://719fl791.iug29.tcswhb.cn/
719fl804.asx62.tcswhb.cn,https://719fl804.asx62.tcswhb.cn/
719gx005.riu74.hgzvpx.cn,https://719gx005.riu74.hgzvpx.cn/
719gysp1.ahq86.wlsmlt.com,https://719gysp1.ahq86.wlsmlt.com/
719hu112.csq19.hgzvpx.cn,https://719hu112.csq19.hgzvpx.cn/
719hu117.hxw31.hgzvpx.cn,https://719hu117.hxw31.hgzvpx.cn/
719hu134.bbs60.hgzvpx.cn,https://719hu134.bbs60.hgzvpx.cn/
719si025.ewo19.hgzvpx.cn,https://719si025.ewo19.hgzvpx.cn/
719xscw2.zyp68.tfgskl.cn,https://719xscw2.zyp68.tfgskl.cn/
719xssp3.ytf38.hcyuzl.cn,https://719xssp3.ytf38.hcyuzl.cn/
719xssp7.wqv44.hcyuzl.cn,https://719xssp7.wqv44.hcyuzl.cn/
719zok05.cyb50.hgzvpx.cn,https://719zok05.cyb50.hgzvpx.cn/
719zok06.gvj72.hgzvpx.cn,https://719zok06.gvj72.hgzvpx.cn/
720dao04.eszgb.tepehd.cn,https://720dao04.eszgb.tepehd.cn/
720dla27.ymw83.dlqumf.cn,https://720dla27.ymw83.dlqumf.cn/
720dla34.qph69.dlqumf.cn,https://720dla34.qph69.dlqumf.cn/
720dla43.err19.dlqumf.cn,https://720dla43.err19.dlqumf.cn/
720dla52.xny97.dlqumf.cn,https://720dla52.xny97.dlqumf.cn/
720dla58.xtt63.dlqumf.cn,https://720dla58.xtt63.dlqumf.cn/
720dla59.hou19.dlqumf.cn,https://720dla59.hou19.dlqumf.cn/
720dla60.tll45.dlqumf.cn,https://720dla60.tll45.dlqumf.cn/
720dla67.fjm96.dlqumf.cn,https://720dla67.fjm96.dlqumf.cn/
720dla77.spc42.dlqumf.cn,https://720dla77.spc42.dlqumf.cn/
720dla98.upa55.dlqumf.cn,https://720dla98.upa55.dlqumf.cn/
720fl059.ekh71.iczvlf.cn,https://720fl059.ekh71.iczvlf.cn/
720fl171.nrd98.iczvlf.cn,https://720fl171.nrd98.iczvlf.cn/
720fl179.qlj47.iczvlf.cn,https://720fl179.qlj47.iczvlf.cn/
720fl201.zyv19.iczvlf.cn,https://720fl201.zyv19.iczvlf.cn/
720fl258.eff80.iczvlf.cn,https://720fl258.eff80.iczvlf.cn/
720fl338.zpq77.iczvlf.cn,https://720fl338.zpq77.iczvlf.cn/
720fl389.lfj12.iczvlf.cn,https://720fl389.lfj12.iczvlf.cn/
720fl406.rad11.iczvlf.cn,https://720fl406.rad11.iczvlf.cn/
720fl426.dgh52.iczvlf.cn,https://720fl426.dgh52.iczvlf.cn/
720fl530.kdg61.otqydb.cn,https://720fl530.kdg61.otqydb.cn/
720fl533.aow26.otqydb.cn,https://720fl533.aow26.otqydb.cn/
720fl575.ehp98.otqydb.cn,https://720fl575.ehp98.otqydb.cn/
720fl585.mzv31.otqydb.cn,https://720fl585.mzv31.otqydb.cn/
720fl605.vzq76.otqydb.cn,https://720fl605.vzq76.otqydb.cn/
720fl615.cme98.otqydb.cn,https://720fl615.cme98.otqydb.cn/
720fl684.tep75.otqydb.cn,https://720fl684.tep75.otqydb.cn/
720fl686.dxp30.otqydb.cn,https://720fl686.dxp30.otqydb.cn/
720fl695.wkk82.otqydb.cn,https://720fl695.wkk82.otqydb.cn/
720fl726.bqv13.otqydb.cn,https://720fl726.bqv13.otqydb.cn/
720fl733.hdu32.otqydb.cn,https://720fl733.hdu32.otqydb.cn/
720fl743.zgb81.otqydb.cn,https://720fl743.zgb81.otqydb.cn/
720fl767.ukc92.otqydb.cn,https://720fl767.ukc92.otqydb.cn/
720hu119.fqw17.tepehd.cn,https://720hu119.fqw17.tepehd.cn/
720hu120.ewn47.tepehd.cn,https://720hu120.ewn47.tepehd.cn/
720mzi01.fjuli.tepehd.cn,https://720mzi01.fjuli.tepehd.cn/
720si001.iun55.tepehd.cn,https://720si001.iun55.tepehd.cn/
720si066.ifcrw.tepehd.cn,https://720si066.ifcrw.tepehd.cn/
720xssp2.zks76.dlqumf.cn,https://720xssp2.zks76.dlqumf.cn/
720xssp3.dpq60.dlqumf.cn,https://720xssp3.dpq60.dlqumf.cn/
720xssp5.bcc17.dlqumf.cn,https://720xssp5.bcc17.dlqumf.cn/
720zok04.hit77.tepehd.cn,https://720zok04.hit77.tepehd.cn/
720zok06.nwd25.tepehd.cn,https://720zok06.nwd25.tepehd.cn/
720zok07.oho18.tepehd.cn,https://720zok07.oho18.tepehd.cn/
721dao03.vtlzd.msleia.cn,https://721dao03.vtlzd.msleia.cn/
721dla13.thn62.kpntpv.cn,https://721dla13.thn62.kpntpv.cn/
721dla14.frx29.kpntpv.cn,https://721dla14.frx29.kpntpv.cn/
721dla19.roh83.kpntpv.cn,https://721dla19.roh83.kpntpv.cn/
721dla28.dix19.kpntpv.cn,https://721dla28.dix19.kpntpv.cn/
721dla29.nqt98.kpntpv.cn,https://721dla29.nqt98.kpntpv.cn/
721dla31.les72.kpntpv.cn,https://721dla31.les72.kpntpv.cn/
721dla34.cyn49.kpntpv.cn,https://721dla34.cyn49.kpntpv.cn/
721dla36.egq67.kpntpv.cn,https://721dla36.egq67.kpntpv.cn/
721dla47.meo11.kpntpv.cn,https://721dla47.meo11.kpntpv.cn/
721dla48.bku96.kpntpv.cn,https://721dla48.bku96.kpntpv.cn/
721dla50.vjk57.kpntpv.cn,https://721dla50.vjk57.kpntpv.cn/
721dla61.txr35.kpntpv.cn,https://721dla61.txr35.kpntpv.cn/
721dla80.hnz54.kpntpv.cn,https://721dla80.hnz54.kpntpv.cn/
721fl040.oxz38.gjmpjh.cn,https://721fl040.oxz38.gjmpjh.cn/
721fl049.aio91.gjmpjh.cn,https://721fl049.aio91.gjmpjh.cn/
721fl050.hcr98.gjmpjh.cn,https://721fl050.hcr98.gjmpjh.cn/
721fl120.kpk16.gjmpjh.cn,https://721fl120.kpk16.gjmpjh.cn/
721fl140.slr25.gjmpjh.cn,https://721fl140.slr25.gjmpjh.cn/
721fl199.lmk77.gjmpjh.cn,https://721fl199.lmk77.gjmpjh.cn/
721fl200.yaq55.gjmpjh.cn,https://721fl200.yaq55.gjmpjh.cn/
721fl254.lfn29.gjmpjh.cn,https://721fl254.lfn29.gjmpjh.cn/
721fl260.ydu36.gjmpjh.cn,https://721fl260.ydu36.gjmpjh.cn/
721fl305.dko58.gjmpjh.cn,https://721fl305.dko58.gjmpjh.cn/
721fl369.dzo88.gjmpjh.cn,https://721fl369.dzo88.gjmpjh.cn/
721fl432.yku13.gjmpjh.cn,https://721fl432.yku13.gjmpjh.cn/
721fl434.hgw44.gjmpjh.cn,https://721fl434.hgw44.gjmpjh.cn/
721fl435.iha95.gjmpjh.cn,https://721fl435.iha95.gjmpjh.cn/
721fl436.rvm47.gjmpjh.cn,https://721fl436.rvm47.gjmpjh.cn/
721fl441.zch93.gjmpjh.cn,https://721fl441.zch93.gjmpjh.cn/
721fl449.yjw42.gjmpjh.cn,https://721fl449.yjw42.gjmpjh.cn/
721fl459.uyf58.gjmpjh.cn,https://721fl459.uyf58.gjmpjh.cn/
721fl482.uku36.gjmpjh.cn,https://721fl482.uku36.gjmpjh.cn/
721fl516.try53.zmqbrl.cn,https://721fl516.try53.zmqbrl.cn/
721fl564.piz16.zmqbrl.cn,https://721fl564.piz16.zmqbrl.cn/
721fl595.iuh73.zmqbrl.cn,https://721fl595.iuh73.zmqbrl.cn/
721fl634.fdj80.zmqbrl.cn,https://721fl634.fdj80.zmqbrl.cn/
721fl637.rvg40.zmqbrl.cn,https://721fl637.rvg40.zmqbrl.cn/
721fl671.mwm33.zmqbrl.cn,https://721fl671.mwm33.zmqbrl.cn/
721fl688.esa22.zmqbrl.cn,https://721fl688.esa22.zmqbrl.cn/
721fl698.adx69.zmqbrl.cn,https://721fl698.adx69.zmqbrl.cn/
721gysp7.uvi95.dlqumf.cn,https://721gysp7.uvi95.dlqumf.cn/
721hu102.exv90.msleia.cn,https://721hu102.exv90.msleia.cn/
721hu129.efrfa.msleia.cn,https://721hu129.efrfa.msleia.cn/
721hu138.elnom.msleia.cn,https://721hu138.elnom.msleia.cn/
721hu140.rlmie.msleia.cn,https://721hu140.rlmie.msleia.cn/
721si002.djx77.msleia.cn,https://721si002.djx77.msleia.cn/
721si006.qeg22.msleia.cn,https://721si006.qeg22.msleia.cn/
721xssp1.pzo17.kpntpv.cn,https://721xssp1.pzo17.kpntpv.cn/
721xssp7.dyl24.kpntpv.cn,https://721xssp7.dyl24.kpntpv.cn/
721xssp8.tfv42.kpntpv.cn,https://721xssp8.tfv42.kpntpv.cn/
721xu007.xon43.msleia.cn,https://721xu007.xon43.msleia.cn/
721xu008.dgd14.msleia.cn,https://721xu008.dgd14.msleia.cn/
721xu011.lbx51.msleia.cn,https://721xu011.lbx51.msleia.cn/
721xu012.yab62.msleia.cn,https://721xu012.yab62.msleia.cn/
721xu013.krb82.msleia.cn,https://721xu013.krb82.msleia.cn/
721zok05.nki23.msleia.cn,https://721zok05.nki23.msleia.cn/
721zok07.vei36.msleia.cn,https://721zok07.vei36.msleia.cn/
721zok13.tks54.msleia.cn,https://721zok13.tks54.msleia.cn/
721zok14.fsa46.msleia.cn,https://721zok14.fsa46.msleia.cn/
722dla16.byn51.ppqiod.cn,https://722dla16.byn51.ppqiod.cn/
722dla31.crs37.ppqiod.cn,https://722dla31.crs37.ppqiod.cn/
722dla34.lwg87.ppqiod.cn,https://722dla34.lwg87.ppqiod.cn/
722dla37.cub94.ppqiod.cn,https://722dla37.cub94.ppqiod.cn/
722dla38.mzb26.ppqiod.cn,https://722dla38.mzb26.ppqiod.cn/
722dla45.qdb61.ppqiod.cn,https://722dla45.qdb61.ppqiod.cn/
722dla61.fjt30.ppqiod.cn,https://722dla61.fjt30.ppqiod.cn/
722dla73.iqp24.ppqiod.cn,https://722dla73.iqp24.ppqiod.cn/
722dla82.rvu51.ppqiod.cn,https://722dla82.rvu51.ppqiod.cn/
722fl002.tnf49.zjyvtv.cn,https://722fl002.tnf49.zjyvtv.cn/
722fl025.kec97.zjyvtv.cn,https://722fl025.kec97.zjyvtv.cn/
722fl029.jko54.zjyvtv.cn,https://722fl029.jko54.zjyvtv.cn/
722fl050.efg94.zjyvtv.cn,https://722fl050.efg94.zjyvtv.cn/
722fl056.aiq63.zjyvtv.cn,https://722fl056.aiq63.zjyvtv.cn/
722fl063.xlx77.zjyvtv.cn,https://722fl063.xlx77.zjyvtv.cn/
722fl075.xrm53.zjyvtv.cn,https://722fl075.xrm53.zjyvtv.cn/
722fl149.jnc46.zjyvtv.cn,https://722fl149.jnc46.zjyvtv.cn/
722fl188.rly20.zjyvtv.cn,https://722fl188.rly20.zjyvtv.cn/
722fl203.inr82.zjyvtv.cn,https://722fl203.inr82.zjyvtv.cn/
722fl205.eyg47.zjyvtv.cn,https://722fl205.eyg47.zjyvtv.cn/
722fl218.kgc83.zjyvtv.cn,https://722fl218.kgc83.zjyvtv.cn/
722fl227.znd94.zjyvtv.cn,https://722fl227.znd94.zjyvtv.cn/
722fl247.vmg82.zjyvtv.cn,https://722fl247.vmg82.zjyvtv.cn/
722fl262.xnq81.zjyvtv.cn,https://722fl262.xnq81.zjyvtv.cn/
722fl273.fjq38.zjyvtv.cn,https://722fl273.fjq38.zjyvtv.cn/
722fl291.nqi16.zjyvtv.cn,https://722fl291.nqi16.zjyvtv.cn/
722fl304.wbo96.zjyvtv.cn,https://722fl304.wbo96.zjyvtv.cn/
722fl307.cgy23.zjyvtv.cn,https://722fl307.cgy23.zjyvtv.cn/
722fl332.qrd34.zjyvtv.cn,https://722fl332.qrd34.zjyvtv.cn/
722fl342.blk44.zjyvtv.cn,https://722fl342.blk44.zjyvtv.cn/
722fl361.ied71.zjyvtv.cn,https://722fl361.ied71.zjyvtv.cn/
722fl453.duf77.zjyvtv.cn,https://722fl453.duf77.zjyvtv.cn/
722fl461.spf34.zjyvtv.cn,https://722fl461.spf34.zjyvtv.cn/
722fl470.azu45.zjyvtv.cn,https://722fl470.azu45.zjyvtv.cn/
722fl474.tqy68.zjyvtv.cn,https://722fl474.tqy68.zjyvtv.cn/
722fl477.nqd50.zjyvtv.cn,https://722fl477.nqd50.zjyvtv.cn/
722fl544.bsn87.uisgeq.cn,https://722fl544.bsn87.uisgeq.cn/
722fl565.bby22.uisgeq.cn,https://722fl565.bby22.uisgeq.cn/
722fl567.yvw62.uisgeq.cn,https://722fl567.yvw62.uisgeq.cn/
722fl595.pzm89.uisgeq.cn,https://722fl595.pzm89.uisgeq.cn/
722fl602.scc40.uisgeq.cn,https://722fl602.scc40.uisgeq.cn/
722fl618.sqi64.uisgeq.cn,https://722fl618.sqi64.uisgeq.cn/
722fl665.mdj18.uisgeq.cn,https://722fl665.mdj18.uisgeq.cn/
722fl678.yod60.uisgeq.cn,https://722fl678.yod60.uisgeq.cn/
722fl690.lmq16.uisgeq.cn,https://722fl690.lmq16.uisgeq.cn/
722fl710.rxq85.uisgeq.cn,https://722fl710.rxq85.uisgeq.cn/
722fl787.ybi50.uisgeq.cn,https://722fl787.ybi50.uisgeq.cn/
722fl788.fpg16.uisgeq.cn,https://722fl788.fpg16.uisgeq.cn/
722gx001.mck92.crflvc.cn,https://722gx001.mck92.crflvc.cn/
722gx005.vos18.crflvc.cn,https://722gx005.vos18.crflvc.cn/
722gysp9.lvm24.kpntpv.cn,https://722gysp9.lvm24.kpntpv.cn/
722hu128.wgd61.crflvc.cn,https://722hu128.wgd61.crflvc.cn/
722qq602.bvg38.crflvc.cn,https://722qq602.bvg38.crflvc.cn/
722xu011.bhg43.crflvc.cn,https://722xu011.bhg43.crflvc.cn/
722zok08.kzq60.crflvc.cn,https://722zok08.kzq60.crflvc.cn/
722zok09.omk71.crflvc.cn,https://722zok09.omk71.crflvc.cn/
722zok12.uqw12.crflvc.cn,https://722zok12.uqw12.crflvc.cn/
722zok14.ily68.crflvc.cn,https://722zok14.ily68.crflvc.cn/
722zok15.gqb17.crflvc.cn,https://722zok15.gqb17.crflvc.cn/
722zok18.vsk91.crflvc.cn,https://722zok18.vsk91.crflvc.cn/
723gysp1.edw39.ppqiod.cn,https://723gysp1.edw39.ppqiod.cn/
712fl124.pee53.qpsbw.com,https://712fl124.pee53.qpsbw.com/
718dt2.lwr80.cxjzmj.com,https://718dt2.lwr80.cxjzmj.com/
718dt3.ozj62.cxjzmj.com,https://718dt3.ozj62.cxjzmj.com/
718dt4.ozr78.cxjzmj.com,https://718dt4.ozr78.cxjzmj.com/
718fl585.kfw95.zklfup.cn,https://718fl585.kfw95.zklfup.cn/
718od21.knj31.fnpyvc.cn,https://718od21.knj31.fnpyvc.cn/
719df21.vta19.tfgskl.cn,https://719df21.vta19.tfgskl.cn/
719df38.vnf60.tfgskl.cn,https://719df38.vnf60.tfgskl.cn/
719df51.zzr43.tfgskl.cn,https://719df51.zzr43.tfgskl.cn/
719df57.wxn87.tfgskl.cn,https://719df57.wxn87.tfgskl.cn/
719df59.buj65.tfgskl.cn,https://719df59.buj65.tfgskl.cn/
720df27.mbv49.kitfod.cn,https://720df27.mbv49.kitfod.cn/
720df35.vwy90.kitfod.cn,https://720df35.vwy90.kitfod.cn/
720df37.zva89.kitfod.cn,https://720df37.zva89.kitfod.cn/
720df48.hjc22.kitfod.cn,https://720df48.hjc22.kitfod.cn/
720df54.ufh97.kitfod.cn,https://720df54.ufh97.kitfod.cn/
720df55.bwa93.kitfod.cn,https://720df55.bwa93.kitfod.cn/
720df56.dsv49.kitfod.cn,https://720df56.dsv49.kitfod.cn/
720df57.kkv55.kitfod.cn,https://720df57.kkv55.kitfod.cn/
720df64.seu80.kitfod.cn,https://720df64.seu80.kitfod.cn/
720dt16.awm53.lcjjmx.cn,https://720dt16.awm53.lcjjmx.cn/
720dt23.sgo23.lcjjmx.cn,https://720dt23.sgo23.lcjjmx.cn/
720dt24.mkc24.lcjjmx.cn,https://720dt24.mkc24.lcjjmx.cn/
720dt50.jdy60.lcjjmx.cn,https://720dt50.jdy60.lcjjmx.cn/
720dt54.ogt16.lcjjmx.cn,https://720dt54.ogt16.lcjjmx.cn/
720dt57.tvi90.lcjjmx.cn,https://720dt57.tvi90.lcjjmx.cn/
720dt63.cvb55.lcjjmx.cn,https://720dt63.cvb55.lcjjmx.cn/
720dt81.lew71.lcjjmx.cn,https://720dt81.lew71.lcjjmx.cn/
720fl288.yvd47.iczvlf.cn,https://720fl288.yvd47.iczvlf.cn/
721df13.ora16.wgzosb.cn,https://721df13.ora16.wgzosb.cn/
721df21.yoc85.wgzosb.cn,https://721df21.yoc85.wgzosb.cn/
721df36.dyv46.wgzosb.cn,https://721df36.dyv46.wgzosb.cn/
721df50.zdk58.wgzosb.cn,https://721df50.zdk58.wgzosb.cn/
721dt56.xsg65.pnpkaf.cn,https://721dt56.xsg65.pnpkaf.cn/
721dt60.jlj51.pnpkaf.cn,https://721dt60.jlj51.pnpkaf.cn/
721dt67.qet49.pnpkaf.cn,https://721dt67.qet49.pnpkaf.cn/
721dt78.inv76.pnpkaf.cn,https://721dt78.inv76.pnpkaf.cn/
721dt90.qcj69.pnpkaf.cn,https://721dt90.qcj69.pnpkaf.cn/
722df10.bwy61.yfbgeh.cn,https://722df10.bwy61.yfbgeh.cn/
722df20.sbb78.yfbgeh.cn,https://722df20.sbb78.yfbgeh.cn/
722df22.uah43.yfbgeh.cn,https://722df22.uah43.yfbgeh.cn/
722df29.ynl57.yfbgeh.cn,https://722df29.ynl57.yfbgeh.cn/
722dt31.urb91.oyofsh.cn,https://722dt31.urb91.oyofsh.cn/
722dt63.dml53.oyofsh.cn,https://722dt63.dml53.oyofsh.cn/
722dt71.ivx79.oyofsh.cn,https://722dt71.ivx79.oyofsh.cn/
722dt72.yim67.oyofsh.cn,https://722dt72.yim67.oyofsh.cn/
722dt75.fyc12.oyofsh.cn,https://722dt75.fyc12.oyofsh.cn/
722dt79.voq83.oyofsh.cn,https://722dt79.voq83.oyofsh.cn/
722dt80.cjt84.oyofsh.cn,https://722dt80.cjt84.oyofsh.cn/
722dt81.tzb37.oyofsh.cn,https://722dt81.tzb37.oyofsh.cn/
712b2.ler75.fdwhua.com,https://712b2.ler75.fdwhua.com/
717dx172.zis.ssjffg.cn,https://717dx172.zis.ssjffg.cn/
718dx117.poa.yjuuxb.cn,https://718dx117.poa.yjuuxb.cn/
718dx125.zie.yjuuxb.cn,https://718dx125.zie.yjuuxb.cn/
718dx131.rwh.yjuuxb.cn,https://718dx131.rwh.yjuuxb.cn/
718dx137.hbb.yjuuxb.cn,https://718dx137.hbb.yjuuxb.cn/
718dx138.dgo.yjuuxb.cn,https://718dx138.dgo.yjuuxb.cn/
718dx139.npq.yjuuxb.cn,https://718dx139.npq.yjuuxb.cn/
718dx140.kfd.yjuuxb.cn,https://718dx140.kfd.yjuuxb.cn/
718dx145.bev.yjuuxb.cn,https://718dx145.bev.yjuuxb.cn/
718dx156.zda.yjuuxb.cn,https://718dx156.zda.yjuuxb.cn/
718dx158.sgx.yjuuxb.cn,https://718dx158.sgx.yjuuxb.cn/
718dx169.nkm.yjuuxb.cn,https://718dx169.nkm.yjuuxb.cn/
718dx190.ykc.yjuuxb.cn,https://718dx190.ykc.yjuuxb.cn/
718dx191.dpa.yjuuxb.cn,https://718dx191.dpa.yjuuxb.cn/
718dx192.eax.yjuuxb.cn,https://718dx192.eax.yjuuxb.cn/
718dx194.gay.yjuuxb.cn,https://718dx194.gay.yjuuxb.cn/
718dx195.nvm.yjuuxb.cn,https://718dx195.nvm.yjuuxb.cn/
718dx207.rwo.yjuuxb.cn,https://718dx207.rwo.yjuuxb.cn/
718dx209.aak.yjuuxb.cn,https://718dx209.aak.yjuuxb.cn/
718dx210.wfb.yjuuxb.cn,https://718dx210.wfb.yjuuxb.cn/
718dx218.swh.yjuuxb.cn,https://718dx218.swh.yjuuxb.cn/
718dx222.rmj.yjuuxb.cn,https://718dx222.rmj.yjuuxb.cn/
718dx227.urp.yjuuxb.cn,https://718dx227.urp.yjuuxb.cn/
718dx229.jpf.yjuuxb.cn,https://718dx229.jpf.yjuuxb.cn/
718dx238.ykp.yjuuxb.cn,https://718dx238.ykp.yjuuxb.cn/
718dx243.gpc.yjuuxb.cn,https://718dx243.gpc.yjuuxb.cn/
718dx249.tut.yjuuxb.cn,https://718dx249.tut.yjuuxb.cn/
718dx256.xcu.yjuuxb.cn,https://718dx256.xcu.yjuuxb.cn/
718dx300.trb.yjuuxb.cn,https://718dx300.trb.yjuuxb.cn/
719dt16.dve87.rhvne.cn,https://719dt16.dve87.rhvne.cn/
719dt21.vsg50.rhvne.cn,https://719dt21.vsg50.rhvne.cn/
719dt34.aom62.rhvne.cn,https://719dt34.aom62.rhvne.cn/
719dt57.avz67.rhvne.cn,https://719dt57.avz67.rhvne.cn/
719dt59.bml91.rhvne.cn,https://719dt59.bml91.rhvne.cn/
719dt62.hnj37.rhvne.cn,https://719dt62.hnj37.rhvne.cn/
719dt72.onn24.rhvne.cn,https://719dt72.onn24.rhvne.cn/
719dt74.pdo29.rhvne.cn,https://719dt74.pdo29.rhvne.cn/
719dx101.dgh.sqsbyg.cn,https://719dx101.dgh.sqsbyg.cn/
719dx111.nui.sqsbyg.cn,https://719dx111.nui.sqsbyg.cn/
719dx112.obt.sqsbyg.cn,https://719dx112.obt.sqsbyg.cn/
719dx123.pmx.sqsbyg.cn,https://719dx123.pmx.sqsbyg.cn/
719dx127.wwl.sqsbyg.cn,https://719dx127.wwl.sqsbyg.cn/
719dx129.dwu.sqsbyg.cn,https://719dx129.dwu.sqsbyg.cn/
719dx131.cbe.sqsbyg.cn,https://719dx131.cbe.sqsbyg.cn/
719dx134.goc.sqsbyg.cn,https://719dx134.goc.sqsbyg.cn/
719dx137.isc.sqsbyg.cn,https://719dx137.isc.sqsbyg.cn/
719dx144.jrn.sqsbyg.cn,https://719dx144.jrn.sqsbyg.cn/
719dx148.wmy.sqsbyg.cn,https://719dx148.wmy.sqsbyg.cn/
719dx155.mcs.sqsbyg.cn,https://719dx155.mcs.sqsbyg.cn/
719dx156.hhg.sqsbyg.cn,https://719dx156.hhg.sqsbyg.cn/
719dx160.jis.sqsbyg.cn,https://719dx160.jis.sqsbyg.cn/
719dx168.ynn.sqsbyg.cn,https://719dx168.ynn.sqsbyg.cn/
719dx198.hzc.sqsbyg.cn,https://719dx198.hzc.sqsbyg.cn/
719dx202.djw.sqsbyg.cn,https://719dx202.djw.sqsbyg.cn/
719dx207.fsq.sqsbyg.cn,https://719dx207.fsq.sqsbyg.cn/
719dx211.ukm.sqsbyg.cn,https://719dx211.ukm.sqsbyg.cn/
719dx212.pcr.sqsbyg.cn,https://719dx212.pcr.sqsbyg.cn/
719dx215.rqj.sqsbyg.cn,https://719dx215.rqj.sqsbyg.cn/
719dx216.rte.sqsbyg.cn,https://719dx216.rte.sqsbyg.cn/
719dx218.kik.sqsbyg.cn,https://719dx218.kik.sqsbyg.cn/
719dx219.yki.sqsbyg.cn,https://719dx219.yki.sqsbyg.cn/
719dx225.xmr.sqsbyg.cn,https://719dx225.xmr.sqsbyg.cn/
719dx230.gwx.sqsbyg.cn,https://719dx230.gwx.sqsbyg.cn/
722df25.icr29.yfbgeh.cn,https://722df25.icr29.yfbgeh.cn/
722dx102.gcr.nsdsxq.cn,https://722dx102.gcr.nsdsxq.cn/
722dx115.khw.nsdsxq.cn,https://722dx115.khw.nsdsxq.cn/
722dx155.kje.nsdsxq.cn,https://722dx155.kje.nsdsxq.cn/
722dx166.czy.nsdsxq.cn,https://722dx166.czy.nsdsxq.cn/
722dx180.bdv.nsdsxq.cn,https://722dx180.bdv.nsdsxq.cn/
722dx189.vit.nsdsxq.cn,https://722dx189.vit.nsdsxq.cn/
722dx197.itt.nsdsxq.cn,https://722dx197.itt.nsdsxq.cn/
722dx216.iad.nsdsxq.cn,https://722dx216.iad.nsdsxq.cn/
722dx224.dle.nsdsxq.cn,https://722dx224.dle.nsdsxq.cn/
722dx226.klu.nsdsxq.cn,https://722dx226.klu.nsdsxq.cn/
722dx227.wum.nsdsxq.cn,https://722dx227.wum.nsdsxq.cn/
722dx248.auu.nsdsxq.cn,https://722dx248.auu.nsdsxq.cn/
722dx249.cww.nsdsxq.cn,https://722dx249.cww.nsdsxq.cn/
722dx250.dwb.nsdsxq.cn,https://722dx250.dwb.nsdsxq.cn/
722dx251.lcb.nsdsxq.cn,https://722dx251.lcb.nsdsxq.cn/
722dx252.fde.nsdsxq.cn,https://722dx252.fde.nsdsxq.cn/
722dx271.fpd.nsdsxq.cn,https://722dx271.fpd.nsdsxq.cn/
712b3.lme97.anijh.com,https://712b3.lme97.anijh.com/
718dx11.dvu.yjuuxb.cn,https://718dx11.dvu.yjuuxb.cn/
718dx12.tfz.yjuuxb.cn,https://718dx12.tfz.yjuuxb.cn/
718dx53.jtd.yjuuxb.cn,https://718dx53.jtd.yjuuxb.cn/
718dx54.gez.yjuuxb.cn,https://718dx54.gez.yjuuxb.cn/
718dx66.bba.yjuuxb.cn,https://718dx66.bba.yjuuxb.cn/
718dx74.fxc.yjuuxb.cn,https://718dx74.fxc.yjuuxb.cn/
718dx82.iig.yjuuxb.cn,https://718dx82.iig.yjuuxb.cn/
718dx90.yjz.yjuuxb.cn,https://718dx90.yjz.yjuuxb.cn/
718dx98.idh.yjuuxb.cn,https://718dx98.idh.yjuuxb.cn/
719dt1.pws62.rhvne.cn,https://719dt1.pws62.rhvne.cn/
719dx13.yxq.sqsbyg.cn,https://719dx13.yxq.sqsbyg.cn/
719dx23.zgu.sqsbyg.cn,https://719dx23.zgu.sqsbyg.cn/
719dx36.oxb.sqsbyg.cn,https://719dx36.oxb.sqsbyg.cn/
719dx49.vcg.sqsbyg.cn,https://719dx49.vcg.sqsbyg.cn/
719dx63.udl.sqsbyg.cn,https://719dx63.udl.sqsbyg.cn/
719dx65.uqt.sqsbyg.cn,https://719dx65.uqt.sqsbyg.cn/
719dx66.zna.sqsbyg.cn,https://719dx66.zna.sqsbyg.cn/
719dx76.jci.sqsbyg.cn,https://719dx76.jci.sqsbyg.cn/
719dx81.qqm.sqsbyg.cn,https://719dx81.qqm.sqsbyg.cn/
719dx82.xfz.sqsbyg.cn,https://719dx82.xfz.sqsbyg.cn/
722dx17.dkj.nsdsxq.cn,https://722dx17.dkj.nsdsxq.cn/
722dx37.jjy.nsdsxq.cn,https://722dx37.jjy.nsdsxq.cn/
722dx43.aph.nsdsxq.cn,https://722dx43.aph.nsdsxq.cn/
722dx59.ciw.nsdsxq.cn,https://722dx59.ciw.nsdsxq.cn/
722dx78.ufg.nsdsxq.cn,https://722dx78.ufg.nsdsxq.cn/
722dx89.yme.nsdsxq.cn,https://722dx89.yme.nsdsxq.cn/
722dx98.ctl.nsdsxq.cn,https://722dx98.ctl.nsdsxq.cn/
714bf246.1qw6t.top.,https://714bf246.1qw6t.top./
