84m9n9be36qsn2.top,no_link,0
8122.euuvxlfnbbtwa269718app.com,no_link,0
829238.shop,no_link,0
81du075.79xly.com,ok,63
82du145.xbom2.com,ok,63
82du043.g0vkt.com,ok,63
81du055.122e9.top,no_link,0
81du205.wp8ql.com,ok,63
81du236.e7q8b.com,ok,63
81du261.wp8ql.com,ok,63
81du023.xrwtf.top,no_link,0
82du135.xbom2.com,ok,63
829459113.w3.xhshl1m3.cc,no_link,0
81du158.7y32a.com,ok,63
84399.ee,no_link,0
81du100.59uij.com,ok,63
833vip201.app,no_link,0
82du235.xbom2.com,ok,63
84lq.0oz266.top,no_link,0
828fc4.eytkkwum.com,no_link,0
833tyc.com,no_link,0
82du075.xbom2.com,ok,63
81uruz30i2.uuiagt.cn,no_link,0
81du003.ye41r.top,ok,63
81fge.hspabdc.com,no_link,0
81du038.1elmp.top,no_link,0
82barh.shaava.cn,exist,11
81du143.8zxgl.com,ok,63
81du015.3bdbi.top,no_link,0
81du055.ro4zz.top,no_link,0
8236bb.com,no_link,0
82du007.g0vkt.com,ok,63
81du007.3tm7a.top,no_link,0
81j4e0-9a4uapl1ljtl-004.yfmoipdq.cn,no_link,0
81du210.2vz8g.com,ok,63
83mm.scf67w.top,no_link,0
81du024.abbna.top,no_link,0
833xxtlldy.umgm.cc,exist,10
82du117.or6g9.com,ok,63
81du001.bejrh.top,no_link,0
82du192.or6g9.com,ok,63
81du033.8lvsf.top,ok,63
82668fjt.yjdf651.vip,no_link,0
82du048.5j1pk.com,ok,63
839nvbgm8cqrjb7.h32217.top,no_link,0
81du209.acnc2.com,ok,63
81du058.izjdg.top,ok,63
81du042.kuwf2.top,ok,63
81du312.75c38.com,ok,63
82du038.5j1pk.com,ok,63
8422.st,no_link,0
815111bba.xyz,no_link,0
82l9o2s497.r8cf9.cn,no_link,0
840tvr02.ftriim.com,no_link,0
81du010.6zs3w.top,no_link,0
83b6.dnjrgzei.cc,no_link,0
81du029.oo31a.top,no_link,0
81xqdm.jizhouco.com,no_link,0
81du202.2vz8g.com,ok,63
83aab.bpazztuyy.cc,no_link,0
837indba.bjgmwater.com,no_link,0
81a8q0.google.songgn.com,no_link,0
81du013.rs7qb.top,no_link,0
81du043.j4m9o.top,ok,63
81du035.69kgx.top,ok,63
823728.com,no_link,0
81du028.mmh3s.top,ok,63
81du042.uh6xl.top,no_link,0
82du051.9q642.com,ok,63
8204ee.com,no_link,0
833vip203.app,no_link,0
82du055.xbom2.com,ok,63
833a.uqnkky1332.top,no_link,0
81mvwtsbwoxs5wzc.yeyecm.com,no_link,0
8460.uudeyglu.cc,no_link,0
82du202.or6g9.com,ok,63
8229b.yuycoedb.cc,no_link,0
81du034.tktgy.top,ok,63
82du183.ukfx6.com,ok,63
83ac9.gameais.com,no_link,0
81du064.59uij.com,ok,63
81du090.59uij.com,ok,63
81du008.19lf9.top,ok,63
81ngm9ucqt.lgofid.cn,no_link,0
82du022.5j1pk.com,ok,63
81du217.acnc2.com,ok,63
81du097.79xly.com,ok,63
82du225.xbom2.com,ok,63
81du028.3u126.top,no_link,0
84c.rvbyxigl.xyz,no_link,0
81du041.qvkrw.top,no_link,0
8367374c5b95f8bd02a19100496bb68c.d1w4f0.cc,no_link,0
81du032.cj70k.top,no_link,0
8171-6.rmvqk4x.com,no_link,0
81du051.kdaxj.top,ok,63
81du035.udqzt.top,ok,63
81du051.j52l9.top,no_link,0
81du057.fwff7.top,ok,63
84abv9-pk3clthozh6r-005.rtttdkcq.cn,no_link,0
81du058.ffua5.top,no_link,0
832908.com,no_link,0
818slots.com,exist,21
81du057.h609o.top,no_link,0
810bsd.top,no_link,0
81du039.kz8nw.top,no_link,0
82dd008.y7zyq.com,ok,64
81du265.acnc2.com,ok,63
82a1.shtdsf1202.top,no_link,0
81du004.mqxrd.top,no_link,0
81tfdkn2.5icxo.cn,no_link,0
81du071.79xly.com,ok,63
81du167.8zxgl.com,ok,63
81du059.i1n2v.top,no_link,0
81du034.xe05g.top,no_link,0
81du021.cagfh.top,no_link,0
831933.com,no_link,0
82du158.ukfx6.com,ok,49
8319k12.com,no_link,0
81du263.8zxgl.com,ok,49
82du012.5j1pk.com,ok,25
81du018.atx8k.top,no_link,0
81du041.00edb.top,no_link,0
81du276.e7q8b.com,ok,31
83yfhf5.crdyjh.com,no_link,0
81du039.9pshy.top,no_link,0
8291993.com,no_link,0
81e3c.rhomfobz.cc,no_link,0
81hsoz-cf140cl8cbul-026.yfmoipdq.cn,no_link,0
8160a95.com,no_link,0
81du032.3btks.top,no_link,0
818s2npw.laodus.com,no_link,0
81du028.5s1li.top,no_link,0
8319k4.com,no_link,0
82yp2y2.sn4vzhbvr.cc,no_link,0
821070.vip,no_link,0
8191m52.com,no_link,0
8220.9z2oupxt.work,no_link,0
830ef085b6adb9c76a81eb4f820ec506.d1w4f0.cc,no_link,0
81du011.k2m3q.top,no_link,0
82nioq.google.songgn.com,no_link,0
810spd.lanzn.com,no_link,0
832wp28qwlypgp2.xj91c7c47t.cc,exist,41
8367374c5b95f8bd02a19100496bb68c.j0a5e6.cc,no_link,0
82wc91.com,no_link,0
82670rtt.mfcd381.vip,no_link,0
8236cc.com,no_link,0
82.157.180.145,no_link,0
83nh9as.tmfc3.com,no_link,0
8234.ngenthbci.cc,no_link,0
81du036.r1bpp.top,no_link,0
833xxtldxldy.umgm.cc,exist,9
81du021.6jqy9.top,no_link,0
83d4e.olsvxebs.vip,no_link,0
81du031.mxwmi.top,no_link,0
84wujknm2poc.h31635.top,no_link,0
81.69.242.216,no_link,0
82ddptu5pp.yrumcg.cn,no_link,0
8182d.tv,no_link,0
81du022.k0uke.top,no_link,0
8121e808c6fb67f7ce9bab5154c3af0d.j0a5e6.cc,no_link,0
81du029.0xqkg.top,no_link,0
834b4e.showdou20261.xyz,exist,32
81du019.xtmnm.top,no_link,0
82nzoj1rl1.prnyiy.cn,no_link,0
81dmjq-boh1kbuzoygx-002.yfmoipdq.cn,no_link,0
8144-e.wwmkdjho.info,no_link,0
81cwymo8.lqmeitiyun.com,no_link,0
82vl09ki-08011500.xn--fjq9lt52k.com,no_link,0
832ss.edceck.cn,no_link,0
819ht47c.knuefu.cn,no_link,0
81.bclu.cn,no_link,0
8443toic6.jr7qd.com,no_link,0
82668dtu.yjdf638.vip,no_link,0
81du022.8q8iv.top,no_link,0
81a0.rcueiynux.cc,no_link,0
81du029.e5me8.top,no_link,0
81du005.hvmxt.top,no_link,0
83v4skl56kaf5nekc.wnszcg.com,no_link,0
839pk.com,no_link,0
82663fjt.yjdf633.vip,no_link,0
813009f7.wumwk97c.top,no_link,0
81788zs.com,no_link,0
81du051.uy8co.top,no_link,0
8177200.com,no_link,0
830ef085b6adb9c76a81eb4f820ec506.j0a5e6.cc,no_link,0
8121e808c6fb67f7ce9bab5154c3af0d.d1w4f0.cc,no_link,0
82f81e.link.yunpan.com,no_link,0
81cc.shtdsf1202.top,no_link,0
81du029.kdmuu.top,no_link,0
81du027.n1kvv.top,no_link,0
81du006.bnbqo.top,no_link,0
81du030.q3ujk.top,no_link,0
81gk2v.gg.377sqw2.cyou,no_link,0
82883.st,no_link,0
81du024.r50km.top,no_link,0
83c3-3.ughpglny.vip,no_link,0
81du059.gt13n.top,no_link,0
8184.st,no_link,0
84l8.vb2h4z.top,no_link,0
84285.id,no_link,0
83uvq89.imgblz.com,no_link,0
82wc90.com,no_link,0
81du028.6dtud.top,no_link,0
8290863e40a26085bb6bdc81011e991c.6zjsnvt.com,no_link,0
849798.vip,no_link,0
81du040.umx1w.top,no_link,0
84778.relqfbcc.vip,no_link,0
82de1590.wumwk97c.top,no_link,0
82a2m.zhufurili.cn,no_link,0
81du037.bwt3g.top,dl_fail,0
81du273.9ufjb.com,dl_fail,0
82du013.g0vkt.com,dl_fail,0
81du177.acnc2.com,dl_fail,0
81lo006.be7od.com,dl_fail,0
81du072.59uij.com,dl_fail,0
81du005.zy5di.top,dl_fail,0
81du036.nlseg.top,dl_fail,0
82du169.kztjc.com,dl_fail,0
82du143.mu1my.com,dl_fail,0
81du305.acnc2.com,dl_fail,0
81du014.ztnb9.top,dl_fail,0
81du213.wp8ql.com,dl_fail,0
81du083.79xly.com,dl_fail,0
82du218.ukfx6.com,dl_fail,0
81du011.udip9.top,dl_fail,0
81du247.8zxgl.com,dl_fail,0
81du060.59uij.com,dl_fail,0
81du171.nd56y.com,dl_fail,0
81du169.acnc2.com,dl_fail,0
81du240.75c38.com,dl_fail,0
81du301.wp8ql.com,dl_fail,0
82du112.or6g9.com,dl_fail,0
81du048.vitjj.top,dl_fail,0
81du200.75c38.com,dl_fail,0
81du037.puwwf.top,dl_fail,0
81du173.wp8ql.com,dl_fail,0
81du279.dqdew.com,dl_fail,0
82du089.kztjc.com,dl_fail,0
82du170.xbom2.com,dl_fail,0
81du002.q3tch.top,dl_fail,0
81du179.nd56y.com,dl_fail,0
81du059.o6l3i.top,dl_fail,0
81du020.penve.top,dl_fail,0
82du120.xbom2.com,dl_fail,0
81du074.59uij.com,dl_fail,0
81du165.wp8ql.com,dl_fail,0
81du258.2vz8g.com,dl_fail,0
82du031.g0vkt.com,dl_fail,0
82du024.5j1pk.com,dl_fail,0
82du243.ukfx6.com,dl_fail,0
81du030.r9hr9.top,dl_fail,0
82du194.kztjc.com,dl_fail,0
81du287.8zxgl.com,dl_fail,0
81du008.3da4q.top,dl_fail,0
81du042.eiuas.top,dl_fail,0
82du036.5j1pk.com,dl_fail,0
81du004.93geq.top,dl_fail,0
82du166.9q642.com,dl_fail,0
81du262.7y32a.com,dl_fail,0
82du187.or6g9.com,dl_fail,0
82du153.ukfx6.com,dl_fail,0
82du203.ukfx6.com,dl_fail,0
81du068.59uij.com,dl_fail,0
82dd005.yolz5.com,dl_fail,0
82du180.xbom2.com,dl_fail,0
81du061.79xly.com,dl_fail,0
81du248.75c38.com,dl_fail,0
81du208.75c38.com,dl_fail,0
81du059.2isjv.top,dl_fail,0
81du069.79xly.com,dl_fail,0
81du043.d0sgd.top,dl_fail,0
82du182.or6g9.com,dl_fail,0
81du038.7f1ce.top,dl_fail,0
82du047.g0vkt.com,dl_fail,0
81du084.59uij.com,dl_fail,0
81du041.fegw2.top,dl_fail,0
